create database academia;
USE ACADEMIA;
create table CURSOS (
	cod_curso INT PRIMARY KEY,
	nombre VARCHAR(50) NOT NUll,
	precio INT NOT NULL
);
insert into CURSOS (cod_curso, nombre, precio) values (1, 'CURSO1', 194);
insert into CURSOS (cod_curso, nombre, precio) values (2, 'CURSO2', 104);
insert into CURSOS (cod_curso, nombre, precio) values (3, 'CURSO3', 121);
insert into CURSOS (cod_curso, nombre, precio) values (4, 'CURSO4', 121);
insert into CURSOS (cod_curso, nombre, precio) values (5, 'CURSO5', 105);
insert into CURSOS (cod_curso, nombre, precio) values (6, 'CURSO6', 177);
insert into CURSOS (cod_curso, nombre, precio) values (7, 'CURSO7', 128);
insert into CURSOS (cod_curso, nombre, precio) values (8, 'CURSO8', 160);
insert into CURSOS (cod_curso, nombre, precio) values (9, 'CURSO9', 136);
insert into CURSOS (cod_curso, nombre, precio) values (10, 'CURSO10', 119);


create table PROFESORES (
	cod_profesor INT PRIMARY KEY,
	nombre VARCHAR(50) NOT NULL,
	apellidos VARCHAR(50) NOT NULL,
	email VARCHAR(50),
	edad INT
);
insert into PROFESORES (cod_profesor, nombre, apellidos, email, edad) values (1, 'Cindelyn', 'Dawson', 'cdawson0@latimes.com', 35);
insert into PROFESORES (cod_profesor, nombre, apellidos, email, edad) values (2, 'Dreddy', 'Rigg', 'drigg1@tiny.cc', 28);
insert into PROFESORES (cod_profesor, nombre, apellidos, email, edad) values (3, 'Georgena', 'Chown', 'gchown2@auda.org.au', 37);
insert into PROFESORES (cod_profesor, nombre, apellidos, email, edad) values (4, 'Euphemia', 'Lavrinov', 'elavrinov3@artisteer.com', 25);
insert into PROFESORES (cod_profesor, nombre, apellidos, email, edad) values (5, 'Linnie', 'Shew', 'lshew4@pcworld.com', 40);
insert into PROFESORES (cod_profesor, nombre, apellidos, email, edad) values (6, 'Andi', 'Oehme', 'aoehme5@instagram.com', 37);
insert into PROFESORES (cod_profesor, nombre, apellidos, email, edad) values (7, 'Nathanial', 'Van T''Hoog', 'nvanthoog6@washington.edu', 51);
insert into PROFESORES (cod_profesor, nombre, apellidos, email, edad) values (8, 'Rusty', 'Allred', 'rallred7@ustream.tv', 62);
insert into PROFESORES (cod_profesor, nombre, apellidos, email, edad) values (9, 'Lavina', 'Billyard', 'lbillyard8@wikia.com', 34);
insert into PROFESORES (cod_profesor, nombre, apellidos, email, edad) values (10, 'Rosco', 'Gilhooly', 'rgilhooly9@google.it', 31);
insert into PROFESORES (cod_profesor, nombre, apellidos, email, edad) values (11, 'Joyous', 'Cambling', 'jcamblinga@digg.com', 33);
insert into PROFESORES (cod_profesor, nombre, apellidos, email, edad) values (12, 'Normand', 'Davidi', 'ndavidib@flavors.me', 64);
insert into PROFESORES (cod_profesor, nombre, apellidos, email, edad) values (13, 'Joshia', 'Lepard', 'jlepardc@wufoo.com', 42);
insert into PROFESORES (cod_profesor, nombre, apellidos, email, edad) values (14, 'Dolli', 'Kerfod', 'dkerfodd@cnbc.com', 65);
insert into PROFESORES (cod_profesor, nombre, apellidos, email, edad) values (15, 'Shanon', 'Ghion', 'sghione@1688.com', 37);
insert into PROFESORES (cod_profesor, nombre, apellidos, email, edad) values (16, 'Neall', 'Rantoull', 'nrantoullf@ebay.co.uk', 30);
insert into PROFESORES (cod_profesor, nombre, apellidos, email, edad) values (17, 'Reynolds', 'Greaser', 'rgreaserg@ihg.com', 31);
insert into PROFESORES (cod_profesor, nombre, apellidos, email, edad) values (18, 'Gae', 'Kruschov', 'gkruschovh@wikimedia.org', 19);
insert into PROFESORES (cod_profesor, nombre, apellidos, email, edad) values (19, 'Marcelle', 'Crecy', 'mcrecyi@sciencedaily.com', 46);
insert into PROFESORES (cod_profesor, nombre, apellidos, email, edad) values (20, 'Melva', 'Stoker', 'mstokerj@vk.com', 23);
insert into PROFESORES (cod_profesor, nombre, apellidos, email, edad) values (21, 'Skippie', 'Lazonby', 'slazonbyk@macromedia.com', 31);
insert into PROFESORES (cod_profesor, nombre, apellidos, email, edad) values (22, 'Lois', 'Delafont', 'ldelafontl@eepurl.com', 53);
insert into PROFESORES (cod_profesor, nombre, apellidos, email, edad) values (23, 'Kellyann', 'Cullinane', 'kcullinanem@java.com', 20);
insert into PROFESORES (cod_profesor, nombre, apellidos, email, edad) values (24, 'Garey', 'Ivashinnikov', 'givashinnikovn@imageshack.us', 25);
insert into PROFESORES (cod_profesor, nombre, apellidos, email, edad) values (25, 'Maryanna', 'Sanzio', 'msanzioo@pbs.org', 49);
insert into PROFESORES (cod_profesor, nombre, apellidos, email, edad) values (26, 'Krissy', 'Skouling', 'kskoulingp@discovery.com', 35);
insert into PROFESORES (cod_profesor, nombre, apellidos, email, edad) values (27, 'Emili', 'Winchester', 'ewinchesterq@odnoklassniki.ru', 50);
insert into PROFESORES (cod_profesor, nombre, apellidos, email, edad) values (28, 'Ninetta', 'O''Kinneally', 'nokinneallyr@nba.com', 35);
insert into PROFESORES (cod_profesor, nombre, apellidos, email, edad) values (29, 'Oralle', 'Marval', 'omarvals@usgs.gov', 51);
insert into PROFESORES (cod_profesor, nombre, apellidos, email, edad) values (30, 'Kellie', 'Van de Vlies', 'kvandevliest@fema.gov', 27);
insert into PROFESORES (cod_profesor, nombre, apellidos, email, edad) values (31, 'Hollyanne', 'Castanos', 'hcastanosu@cyberchimps.com', 44);
insert into PROFESORES (cod_profesor, nombre, apellidos, email, edad) values (32, 'Marylou', 'Benning', 'mbenningv@twitter.com', 26);
insert into PROFESORES (cod_profesor, nombre, apellidos, email, edad) values (33, 'Creighton', 'Josuweit', 'cjosuweitw@dion.ne.jp', 42);
insert into PROFESORES (cod_profesor, nombre, apellidos, email, edad) values (34, 'Brooks', 'Whitcombe', 'bwhitcombex@privacy.gov.au', 25);
insert into PROFESORES (cod_profesor, nombre, apellidos, email, edad) values (35, 'Torrie', 'Robertson', 'trobertsony@comsenz.com', 55);
insert into PROFESORES (cod_profesor, nombre, apellidos, email, edad) values (36, 'Beilul', 'Livingston', 'blivingstonz@deviantart.com', 48);
insert into PROFESORES (cod_profesor, nombre, apellidos, email, edad) values (37, 'Cart', 'Cluely', 'ccluely10@naver.com', 53);
insert into PROFESORES (cod_profesor, nombre, apellidos, email, edad) values (38, 'Catie', 'Wrightim', 'cwrightim11@webs.com', 56);
insert into PROFESORES (cod_profesor, nombre, apellidos, email, edad) values (39, 'Alla', 'Ragate', 'aragate12@ft.com', 21);
insert into PROFESORES (cod_profesor, nombre, apellidos, email, edad) values (40, 'Florian', 'Purdon', 'fpurdon13@ft.com', 60);
insert into PROFESORES (cod_profesor, nombre, apellidos, email, edad) values (41, 'Merilyn', 'Polkinhorn', 'mpolkinhorn14@cpanel.net', 61);
insert into PROFESORES (cod_profesor, nombre, apellidos, email, edad) values (42, 'Carce', 'Thomsen', 'cthomsen15@netlog.com', 31);
insert into PROFESORES (cod_profesor, nombre, apellidos, email, edad) values (43, 'Noble', 'Pybworth', 'npybworth16@columbia.edu', 44);
insert into PROFESORES (cod_profesor, nombre, apellidos, email, edad) values (44, 'Calhoun', 'De Vile', 'cdevile17@gnu.org', 41);
insert into PROFESORES (cod_profesor, nombre, apellidos, email, edad) values (45, 'Bernardina', 'Dutteridge', 'bdutteridge18@google.com.hk', 47);
insert into PROFESORES (cod_profesor, nombre, apellidos, email, edad) values (46, 'Herschel', 'Gallimore', 'hgallimore19@newyorker.com', 55);
insert into PROFESORES (cod_profesor, nombre, apellidos, email, edad) values (47, 'Evelyn', 'Van den Hof', 'evandenhof1a@netlog.com', 35);
insert into PROFESORES (cod_profesor, nombre, apellidos, email, edad) values (48, 'Helaine', 'Grimwad', 'hgrimwad1b@google.fr', 43);
insert into PROFESORES (cod_profesor, nombre, apellidos, email, edad) values (49, 'Izaak', 'Shuard', 'ishuard1c@usatoday.com', 51);
insert into PROFESORES (cod_profesor, nombre, apellidos, email, edad) values (50, 'Andria', 'Leimster', 'aleimster1d@vkontakte.ru', 32);


use academia;
create table ALUMNOS (
	cod_alumno INT PRIMARY KEY,
	nombre VARCHAR(50) NOT NULL,
	apellidos VARCHAR(50) NOT NULL,
	correo VARCHAR(50),
	edad INT,
	cod_curso INT,
    CONSTRAINT FK_CURSO FOREIGN KEY(COD_CURSO) REFERENCES CURSOS(Cod_curso)
);
insert into ALUMNOS (cod_alumno, nombre, apellidos, correo, edad, cod_curso) values (1, 'Gayle', 'Bedborough', 'gbedborough0@about.me', 89, 1);
insert into ALUMNOS (cod_alumno, nombre, apellidos, correo, edad, cod_curso) values (2, 'Marlee', 'Yosifov', 'myosifov1@usda.gov', 56, 9);
insert into ALUMNOS (cod_alumno, nombre, apellidos, correo, edad, cod_curso) values (3, 'Wilma', 'Peckham', 'wpeckham2@i2i.jp', 70, 3);
insert into ALUMNOS (cod_alumno, nombre, apellidos, correo, edad, cod_curso) values (4, 'Tamqrah', 'Pietz', 'tpietz3@pen.io', 98, 8);
insert into ALUMNOS (cod_alumno, nombre, apellidos, correo, edad, cod_curso) values (5, 'Alli', 'McNae', 'amcnae4@a8.net', 85, 4);
insert into ALUMNOS (cod_alumno, nombre, apellidos, correo, edad, cod_curso) values (6, 'Aindrea', 'Prinne', 'aprinne5@over-blog.com', 88, 9);
insert into ALUMNOS (cod_alumno, nombre, apellidos, correo, edad, cod_curso) values (7, 'Cherlyn', 'Iacovozzo', 'ciacovozzo6@imageshack.us', 41, 10);
insert into ALUMNOS (cod_alumno, nombre, apellidos, correo, edad, cod_curso) values (8, 'Salli', 'Dunmore', 'sdunmore7@flavors.me', 36, 10);
insert into ALUMNOS (cod_alumno, nombre, apellidos, correo, edad, cod_curso) values (9, 'Christin', 'Shute', 'cshute8@geocities.jp', 94, 3);
insert into ALUMNOS (cod_alumno, nombre, apellidos, correo, edad, cod_curso) values (10, 'Lise', 'Simounet', 'lsimounet9@irs.gov', 59, 7);
insert into ALUMNOS (cod_alumno, nombre, apellidos, correo, edad, cod_curso) values (11, 'Christa', 'Cordery', 'ccorderya@google.fr', 94, 6);
insert into ALUMNOS (cod_alumno, nombre, apellidos, correo, edad, cod_curso) values (12, 'Letti', 'Goss', 'lgossb@prlog.org', 83, 4);
insert into ALUMNOS (cod_alumno, nombre, apellidos, correo, edad, cod_curso) values (13, 'Isiahi', 'Gye', 'igyec@usda.gov', 82, 1);
insert into ALUMNOS (cod_alumno, nombre, apellidos, correo, edad, cod_curso) values (14, 'Pancho', 'Clampett', 'pclampettd@nationalgeographic.com', 82, 4);
insert into ALUMNOS (cod_alumno, nombre, apellidos, correo, edad, cod_curso) values (15, 'Krystal', 'Beldan', 'kbeldane@biblegateway.com', 98, 4);
insert into ALUMNOS (cod_alumno, nombre, apellidos, correo, edad, cod_curso) values (16, 'Bruce', '', 'bhaliburnf@tumblr.com', 26, 4);
insert into ALUMNOS (cod_alumno, nombre, apellidos, correo, edad, cod_curso) values (17, 'Hakim', 'Coopland', 'hcooplandg@bandcamp.com', 73, 6);
insert into ALUMNOS (cod_alumno, nombre, apellidos, correo, edad, cod_curso) values (18, 'Wayne', '', 'wtripph@psu.edu', 78, 1);
insert into ALUMNOS (cod_alumno, nombre, apellidos, correo, edad, cod_curso) values (19, 'Linc', 'Van der Velden', 'lvanderveldeni@nydailynews.com', 63, 6);
insert into ALUMNOS (cod_alumno, nombre, apellidos, correo, edad, cod_curso) values (20, 'Flss', 'Northin', 'fnorthinj@reference.com', 52, 1);
insert into ALUMNOS (cod_alumno, nombre, apellidos, correo, edad, cod_curso) values (21, 'Darcie', 'Castellucci', 'dcastelluccik@abc.net.au', 56, 1);
insert into ALUMNOS (cod_alumno, nombre, apellidos, correo, edad, cod_curso) values (22, 'Sheffy', '', 'scoopl@flickr.com', 70, 8);
insert into ALUMNOS (cod_alumno, nombre, apellidos, correo, edad, cod_curso) values (23, 'Graham', 'Tarbin', 'gtarbinm@bluehost.com', 27, 5);
insert into ALUMNOS (cod_alumno, nombre, apellidos, correo, edad, cod_curso) values (24, 'Kessiah', 'Spieck', 'kspieckn@narod.ru', 75, 9);
insert into ALUMNOS (cod_alumno, nombre, apellidos, correo, edad, cod_curso) values (25, 'Barr', 'Estrella', 'bestrellao@senate.gov', 65, 5);
insert into ALUMNOS (cod_alumno, nombre, apellidos, correo, edad, cod_curso) values (26, 'Christoffer', 'Opdenorth', 'copdenorthp@alexa.com', 34, 9);
insert into ALUMNOS (cod_alumno, nombre, apellidos, correo, edad, cod_curso) values (27, 'Mignonne', 'Kubica', 'mkubicaq@hubpages.com', 78, 4);
insert into ALUMNOS (cod_alumno, nombre, apellidos, correo, edad, cod_curso) values (28, 'Lynnette', 'Boutellier', 'lboutellierr@163.com', 34, 8);
insert into ALUMNOS (cod_alumno, nombre, apellidos, correo, edad, cod_curso) values (29, 'Josiah', 'Kalisz', 'jkaliszs@diigo.com', 98, 10);
insert into ALUMNOS (cod_alumno, nombre, apellidos, correo, edad, cod_curso) values (30, 'Ileane', 'Mebes', 'imebest@eventbrite.com', 85, 7);
insert into ALUMNOS (cod_alumno, nombre, apellidos, correo, edad, cod_curso) values (31, 'Alexio', 'Gameson', 'agamesonu@hatena.ne.jp', 44, 2);
insert into ALUMNOS (cod_alumno, nombre, apellidos, correo, edad, cod_curso) values (32, 'Penn', 'Danser', 'pdanserv@ftc.gov', 64, 10);
insert into ALUMNOS (cod_alumno, nombre, apellidos, correo, edad, cod_curso) values (33, 'Huntington', 'Druery', 'hdrueryw@addthis.com', 73, 7);
insert into ALUMNOS (cod_alumno, nombre, apellidos, correo, edad, cod_curso) values (34, 'Heloise', 'Toffolini', 'htoffolinix@lulu.com', 21, 10);
insert into ALUMNOS (cod_alumno, nombre, apellidos, correo, edad, cod_curso) values (35, 'Dian', 'La Rosa', 'dlarosay@sun.com', 56, 7);
insert into ALUMNOS (cod_alumno, nombre, apellidos, correo, edad, cod_curso) values (36, 'Cecilius', 'Ewer', 'cewerz@last.fm', 27, 1);
insert into ALUMNOS (cod_alumno, nombre, apellidos, correo, edad, cod_curso) values (37, 'Deirdre', 'Howick', 'dhowick10@ask.com', 85, 8);
insert into ALUMNOS (cod_alumno, nombre, apellidos, correo, edad, cod_curso) values (38, 'Otis', 'Chadwyck', 'ochadwyck11@theatlantic.com', 51, 8);
insert into ALUMNOS (cod_alumno, nombre, apellidos, correo, edad, cod_curso) values (39, 'Michaeline', 'Hehnke', 'mhehnke12@prweb.com', 34, 6);
insert into ALUMNOS (cod_alumno, nombre, apellidos, correo, edad, cod_curso) values (40, 'Taddeusz', 'Turbefield', 'tturbefield13@msn.com', 69, 5);
insert into ALUMNOS (cod_alumno, nombre, apellidos, correo, edad, cod_curso) values (41, 'Audrye', 'Oliffe', 'aoliffe14@woothemes.com', 78, 6);
insert into ALUMNOS (cod_alumno, nombre, apellidos, correo, edad, cod_curso) values (42, 'Dasie', 'Marjoribanks', 'dmarjoribanks15@japanpost.jp', 30, 10);
insert into ALUMNOS (cod_alumno, nombre, apellidos, correo, edad, cod_curso) values (43, 'Cosme', 'Theobalds', 'ctheobalds16@youtube.com', 72, 10);
insert into ALUMNOS (cod_alumno, nombre, apellidos, correo, edad, cod_curso) values (44, 'Susanne', 'Whybrow', 'swhybrow17@sbwire.com', 83, 8);
insert into ALUMNOS (cod_alumno, nombre, apellidos, correo, edad, cod_curso) values (45, 'Francoise', 'Kneel', 'fkneel18@sourceforge.net', 21, 10);
insert into ALUMNOS (cod_alumno, nombre, apellidos, correo, edad, cod_curso) values (46, 'Bertha', 'Caldairou', 'bcaldairou19@ehow.com', 43, 1);
insert into ALUMNOS (cod_alumno, nombre, apellidos, correo, edad, cod_curso) values (47, 'Ola', 'Munehay', 'omunehay1a@g.co', 80, 10);
insert into ALUMNOS (cod_alumno, nombre, apellidos, correo, edad, cod_curso) values (48, 'Loren', 'Stobbart', 'lstobbart1b@umn.edu', 65, 5);
insert into ALUMNOS (cod_alumno, nombre, apellidos, correo, edad, cod_curso) values (49, 'Car', 'Golton', 'cgolton1c@umich.edu', 98, 9);
insert into ALUMNOS (cod_alumno, nombre, apellidos, correo, edad, cod_curso) values (50, 'Becka', 'Hoyt', 'bhoyt1d@yolasite.com', 53, 6);
insert into ALUMNOS (cod_alumno, nombre, apellidos, correo, edad, cod_curso) values (51, 'Jordain', 'Magowan', 'jmagowan1e@oakley.com', 71, 10);
insert into ALUMNOS (cod_alumno, nombre, apellidos, correo, edad, cod_curso) values (52, 'Salim', 'Beese', 'sbeese1f@washingtonpost.com', 84, 7);
insert into ALUMNOS (cod_alumno, nombre, apellidos, correo, edad, cod_curso) values (53, 'Marshal', '', 'mbruckent1g@arstechnica.com', 57, 4);
insert into ALUMNOS (cod_alumno, nombre, apellidos, correo, edad, cod_curso) values (54, 'Kaine', 'Bevis', 'kbevis1h@google.fr', 82, 9);
insert into ALUMNOS (cod_alumno, nombre, apellidos, correo, edad, cod_curso) values (55, 'Alexandra', 'Kuhndel', 'akuhndel1i@cornell.edu', 92, 6);
insert into ALUMNOS (cod_alumno, nombre, apellidos, correo, edad, cod_curso) values (56, 'Claribel', 'Koppel', 'ckoppel1j@oakley.com', 30, 7);
insert into ALUMNOS (cod_alumno, nombre, apellidos, correo, edad, cod_curso) values (57, 'Eddy', 'Blaszczak', 'eblaszczak1k@army.mil', 31, 2);
insert into ALUMNOS (cod_alumno, nombre, apellidos, correo, edad, cod_curso) values (58, 'Yorgos', 'O''Ruane', 'yoruane1l@amazon.co.jp', 50, 7);
insert into ALUMNOS (cod_alumno, nombre, apellidos, correo, edad, cod_curso) values (59, 'Loren', 'Hartfleet', 'lhartfleet1m@si.edu', 74, 6);
insert into ALUMNOS (cod_alumno, nombre, apellidos, correo, edad, cod_curso) values (60, 'Erena', '', 'ecoronado1n@gizmodo.com', 44, 6);
insert into ALUMNOS (cod_alumno, nombre, apellidos, correo, edad, cod_curso) values (61, 'Janis', 'Dorling', 'jdorling1o@cnbc.com', 74, 9);
insert into ALUMNOS (cod_alumno, nombre, apellidos, correo, edad, cod_curso) values (62, 'Teodoro', 'Jedrysik', 'tjedrysik1p@sfgate.com', 84, 10);
insert into ALUMNOS (cod_alumno, nombre, apellidos, correo, edad, cod_curso) values (63, 'Charisse', 'Grelik', 'cgrelik1q@hp.com', 85, 7);
insert into ALUMNOS (cod_alumno, nombre, apellidos, correo, edad, cod_curso) values (64, 'Shurwood', 'Hartropp', 'shartropp1r@cbslocal.com', 36, 4);
insert into ALUMNOS (cod_alumno, nombre, apellidos, correo, edad, cod_curso) values (65, 'Roxana', 'Brucker', 'rbrucker1s@jalbum.net', 40, 1);
insert into ALUMNOS (cod_alumno, nombre, apellidos, correo, edad, cod_curso) values (66, 'Kayne', 'Toulmin', 'ktoulmin1t@drupal.org', 39, 1);
insert into ALUMNOS (cod_alumno, nombre, apellidos, correo, edad, cod_curso) values (67, 'Darci', 'Domenichini', 'ddomenichini1u@theatlantic.com', 27, 7);
insert into ALUMNOS (cod_alumno, nombre, apellidos, correo, edad, cod_curso) values (68, 'Marnia', '', 'mdannehl1v@weibo.com', 61, 4);
insert into ALUMNOS (cod_alumno, nombre, apellidos, correo, edad, cod_curso) values (69, 'Lauren', '', 'lhusher1w@home.pl', 23, 7);
insert into ALUMNOS (cod_alumno, nombre, apellidos, correo, edad, cod_curso) values (70, 'Julienne', 'Daviddi', 'jdaviddi1x@trellian.com', 44, 9);
insert into ALUMNOS (cod_alumno, nombre, apellidos, correo, edad, cod_curso) values (71, 'Linda', 'Wilflinger', 'lwilflinger1y@hubpages.com', 78, 1);
insert into ALUMNOS (cod_alumno, nombre, apellidos, correo, edad, cod_curso) values (72, 'Legra', 'Farrell', 'lfarrell1z@ebay.co.uk', 33, 2);
insert into ALUMNOS (cod_alumno, nombre, apellidos, correo, edad, cod_curso) values (73, 'Tabby', 'Style', 'tstyle20@4shared.com', 20, 4);
insert into ALUMNOS (cod_alumno, nombre, apellidos, correo, edad, cod_curso) values (74, 'Giovanna', 'Dytham', 'gdytham21@hugedomains.com', 87, 2);
insert into ALUMNOS (cod_alumno, nombre, apellidos, correo, edad, cod_curso) values (75, 'Else', 'Van Velde', 'evanvelde22@illinois.edu', 82, 7);
insert into ALUMNOS (cod_alumno, nombre, apellidos, correo, edad, cod_curso) values (76, 'Prudy', 'Cayet', 'pcayet23@uol.com.br', 64, 6);
insert into ALUMNOS (cod_alumno, nombre, apellidos, correo, edad, cod_curso) values (77, 'Isaak', 'Calbrathe', 'icalbrathe24@biglobe.ne.jp', 24, 2);
insert into ALUMNOS (cod_alumno, nombre, apellidos, correo, edad, cod_curso) values (78, 'Poul', 'Verman', 'pverman25@cbslocal.com', 53, 8);
insert into ALUMNOS (cod_alumno, nombre, apellidos, correo, edad, cod_curso) values (79, 'Aretha', 'Fibbit', 'afibbit26@bigcartel.com', 88, 7);
insert into ALUMNOS (cod_alumno, nombre, apellidos, correo, edad, cod_curso) values (80, 'Bab', 'Stinton', 'bstinton27@sun.com', 42, 3);
insert into ALUMNOS (cod_alumno, nombre, apellidos, correo, edad, cod_curso) values (81, 'Lorette', 'Jillett', 'ljillett28@deliciousdays.com', 55, 10);
insert into ALUMNOS (cod_alumno, nombre, apellidos, correo, edad, cod_curso) values (82, 'Alexina', 'Jan', 'ajan29@ow.ly', 67, 3);
insert into ALUMNOS (cod_alumno, nombre, apellidos, correo, edad, cod_curso) values (83, 'Nerta', 'Joselson', 'njoselson2a@nhs.uk', 26, 7);
insert into ALUMNOS (cod_alumno, nombre, apellidos, correo, edad, cod_curso) values (84, 'Fania', 'Kearsley', 'fkearsley2b@kickstarter.com', 96, 5);
insert into ALUMNOS (cod_alumno, nombre, apellidos, correo, edad, cod_curso) values (85, 'Lyssa', 'Bartak', 'lbartak2c@yale.edu', 62, 1);
insert into ALUMNOS (cod_alumno, nombre, apellidos, correo, edad, cod_curso) values (86, 'Mommy', 'MacCulloch', 'mmacculloch2d@last.fm', 59, 4);
insert into ALUMNOS (cod_alumno, nombre, apellidos, correo, edad, cod_curso) values (87, 'Belita', 'Kleanthous', 'bkleanthous2e@storify.com', 75, 6);
insert into ALUMNOS (cod_alumno, nombre, apellidos, correo, edad, cod_curso) values (88, 'Rafaelita', 'Novacek', 'rnovacek2f@newyorker.com', 48, 9);
insert into ALUMNOS (cod_alumno, nombre, apellidos, correo, edad, cod_curso) values (89, 'Holly-anne', 'Gyles', 'hgyles2g@webmd.com', 60, 6);
insert into ALUMNOS (cod_alumno, nombre, apellidos, correo, edad, cod_curso) values (90, 'Clemente', 'Kupka', 'ckupka2h@scientificamerican.com', 73, 10);
insert into ALUMNOS (cod_alumno, nombre, apellidos, correo, edad, cod_curso) values (91, 'Lindsey', 'Cosker', 'lcosker2i@bizjournals.com', 55, 4);
insert into ALUMNOS (cod_alumno, nombre, apellidos, correo, edad, cod_curso) values (92, 'Kimberly', 'Beavis', 'kbeavis2j@squarespace.com', 49, 3);
insert into ALUMNOS (cod_alumno, nombre, apellidos, correo, edad, cod_curso) values (93, 'Luisa', 'Roxbee', 'lroxbee2k@over-blog.com', 84, 10);
insert into ALUMNOS (cod_alumno, nombre, apellidos, correo, edad, cod_curso) values (94, 'Arlee', 'Treamayne', 'atreamayne2l@apple.com', 69, 7);
insert into ALUMNOS (cod_alumno, nombre, apellidos, correo, edad, cod_curso) values (95, 'Kizzee', 'Grolle', 'kgrolle2m@wordpress.com', 70, 8);
insert into ALUMNOS (cod_alumno, nombre, apellidos, correo, edad, cod_curso) values (96, 'Gaspar', 'Hofer', 'ghofer2n@digg.com', 77, 3);
insert into ALUMNOS (cod_alumno, nombre, apellidos, correo, edad, cod_curso) values (97, 'Bev', 'Littrell', 'blittrell2o@guardian.co.uk', 91, 7);
insert into ALUMNOS (cod_alumno, nombre, apellidos, correo, edad, cod_curso) values (98, 'Chris', 'Ruperto', 'cruperto2p@admin.ch', 54, 8);
insert into ALUMNOS (cod_alumno, nombre, apellidos, correo, edad, cod_curso) values (99, 'Wallace', 'McFadin', 'wmcfadin2q@xinhuanet.com', 97, 9);
insert into ALUMNOS (cod_alumno, nombre, apellidos, correo, edad, cod_curso) values (100, 'Marketa', 'Towell', 'mtowell2r@list-manage.com', 61, 3);


create table ASIGNATURAS (
	cod_asignatura INT primary key,
	nombre VARCHAR(18) not null,
	cod_curso INT,
	cod_profesor INT,
	duracion INT,
    constraint fk_curso_as foreign key(cod_curso) references cursos(cod_curso),
    constraint fk_profesor_as foreign key(cod_profesor) references profesores(cod_profesor)
    
);
insert into ASIGNATURAS (cod_asignatura, nombre, cod_curso, cod_profesor, duracion) values (1, 'laboratorio', 10, 17, 21);
insert into ASIGNATURAS (cod_asignatura, nombre, cod_curso, cod_profesor, duracion) values (2, 'Informatica', 9, 13, 46);
insert into ASIGNATURAS (cod_asignatura, nombre, cod_curso, cod_profesor, duracion) values (3, 'historia', 1, 5, 11);
insert into ASIGNATURAS (cod_asignatura, nombre, cod_curso, cod_profesor, duracion) values (4, 'plastica', 5, 10, 49);
insert into ASIGNATURAS (cod_asignatura, nombre, cod_curso, cod_profesor, duracion) values (5, 'historia', 7, 11, 45);
insert into ASIGNATURAS (cod_asignatura, nombre, cod_curso, cod_profesor, duracion) values (6, 'dibujo', 2, 14, 20);
insert into ASIGNATURAS (cod_asignatura, nombre, cod_curso, cod_profesor, duracion) values (7, 'matematicas', 1, 2, 35);
insert into ASIGNATURAS (cod_asignatura, nombre, cod_curso, cod_profesor, duracion) values (8, 'ciencias naturales', 6, 18, 30);
insert into ASIGNATURAS (cod_asignatura, nombre, cod_curso, cod_profesor, duracion) values (9, 'dibujo', 10, 2, 12);
insert into ASIGNATURAS (cod_asignatura, nombre, cod_curso, cod_profesor, duracion) values (10, 'fisicia', 3, 2, 13);
insert into ASIGNATURAS (cod_asignatura, nombre, cod_curso, cod_profesor, duracion) values (11, 'fisicia', 9, 15, 15);
insert into ASIGNATURAS (cod_asignatura, nombre, cod_curso, cod_profesor, duracion) values (12, 'literatura', 3, 1, 22);
insert into ASIGNATURAS (cod_asignatura, nombre, cod_curso, cod_profesor, duracion) values (13, 'ciencias naturales', 3, 18, 44);
insert into ASIGNATURAS (cod_asignatura, nombre, cod_curso, cod_profesor, duracion) values (14, 'fisicia', 2, 14, 34);
insert into ASIGNATURAS (cod_asignatura, nombre, cod_curso, cod_profesor, duracion) values (15, 'dibujo', 9, 20, 23);
insert into ASIGNATURAS (cod_asignatura, nombre, cod_curso, cod_profesor, duracion) values (16, 'historia', 6, 11, 43);
insert into ASIGNATURAS (cod_asignatura, nombre, cod_curso, cod_profesor, duracion) values (17, 'fisicia', 8, 5, 11);
insert into ASIGNATURAS (cod_asignatura, nombre, cod_curso, cod_profesor, duracion) values (18, 'fisicia', 7, 15, 21);
insert into ASIGNATURAS (cod_asignatura, nombre, cod_curso, cod_profesor, duracion) values (19, 'fisicia', 2, 11, 29);
insert into ASIGNATURAS (cod_asignatura, nombre, cod_curso, cod_profesor, duracion) values (20, 'historia', 5, 8, 20);
insert into ASIGNATURAS (cod_asignatura, nombre, cod_curso, cod_profesor, duracion) values (21, 'ciencias naturales', 4, 19, 43);
insert into ASIGNATURAS (cod_asignatura, nombre, cod_curso, cod_profesor, duracion) values (22, 'literatura', 5, 12, 23);
insert into ASIGNATURAS (cod_asignatura, nombre, cod_curso, cod_profesor, duracion) values (23, 'laboratorio', 2, 2, 13);
insert into ASIGNATURAS (cod_asignatura, nombre, cod_curso, cod_profesor, duracion) values (24, 'laboratorio', 7, 17, 31);
insert into ASIGNATURAS (cod_asignatura, nombre, cod_curso, cod_profesor, duracion) values (25, 'ciencias naturales', 10, 9, 18);
insert into ASIGNATURAS (cod_asignatura, nombre, cod_curso, cod_profesor, duracion) values (26, 'ciencias naturales', 5, 7, 40);
insert into ASIGNATURAS (cod_asignatura, nombre, cod_curso, cod_profesor, duracion) values (27, 'Informatica', 10, 17, 33);
insert into ASIGNATURAS (cod_asignatura, nombre, cod_curso, cod_profesor, duracion) values (28, 'laboratorio', 6, 11, 38);
insert into ASIGNATURAS (cod_asignatura, nombre, cod_curso, cod_profesor, duracion) values (29, 'literatura', 3, 4, 42);
insert into ASIGNATURAS (cod_asignatura, nombre, cod_curso, cod_profesor, duracion) values (30, 'matematicas', 5, 6, 11);
insert into ASIGNATURAS (cod_asignatura, nombre, cod_curso, cod_profesor, duracion) values (31, 'laboratorio', 5, 10, 49);
insert into ASIGNATURAS (cod_asignatura, nombre, cod_curso, cod_profesor, duracion) values (32, 'plastica', 7, 15, 45);
insert into ASIGNATURAS (cod_asignatura, nombre, cod_curso, cod_profesor, duracion) values (33, 'plastica', 3, 1, 18);
insert into ASIGNATURAS (cod_asignatura, nombre, cod_curso, cod_profesor, duracion) values (34, 'dibujo', 10, 2, 37);
insert into ASIGNATURAS (cod_asignatura, nombre, cod_curso, cod_profesor, duracion) values (35, 'dibujo', 5, 9, 48);
insert into ASIGNATURAS (cod_asignatura, nombre, cod_curso, cod_profesor, duracion) values (36, 'literatura', 5, 10, 46);
insert into ASIGNATURAS (cod_asignatura, nombre, cod_curso, cod_profesor, duracion) values (37, 'historia', 8, 7, 48);
insert into ASIGNATURAS (cod_asignatura, nombre, cod_curso, cod_profesor, duracion) values (38, 'Informatica', 7, 15, 17);
insert into ASIGNATURAS (cod_asignatura, nombre, cod_curso, cod_profesor, duracion) values (39, 'Informatica', 2, 9, 35);
insert into ASIGNATURAS (cod_asignatura, nombre, cod_curso, cod_profesor, duracion) values (40, 'dibujo', 4, 5, 34);
insert into ASIGNATURAS (cod_asignatura, nombre, cod_curso, cod_profesor, duracion) values (41, 'fisicia', 10, 11, 18);
insert into ASIGNATURAS (cod_asignatura, nombre, cod_curso, cod_profesor, duracion) values (42, 'fisicia', 10, 11, 12);
insert into ASIGNATURAS (cod_asignatura, nombre, cod_curso, cod_profesor, duracion) values (43, 'dibujo', 7, 4, 26);
insert into ASIGNATURAS (cod_asignatura, nombre, cod_curso, cod_profesor, duracion) values (44, 'literatura', 7, 15, 50);
insert into ASIGNATURAS (cod_asignatura, nombre, cod_curso, cod_profesor, duracion) values (45, 'fisicia', 2, 12, 29);
insert into ASIGNATURAS (cod_asignatura, nombre, cod_curso, cod_profesor, duracion) values (46, 'matematicas', 10, 8, 11);
insert into ASIGNATURAS (cod_asignatura, nombre, cod_curso, cod_profesor, duracion) values (47, 'historia', 4, 6, 20);
insert into ASIGNATURAS (cod_asignatura, nombre, cod_curso, cod_profesor, duracion) values (48, 'plastica', 4, 4, 15);
insert into ASIGNATURAS (cod_asignatura, nombre, cod_curso, cod_profesor, duracion) values (49, 'Informatica', 4, 2, 25);
insert into ASIGNATURAS (cod_asignatura, nombre, cod_curso, cod_profesor, duracion) values (50, 'laboratorio', 7, 1, 11);




create table NOTAS_ALUMNOS (
	cod_alumno INT,
	cod_curso INT,
	cod_asignatura INT,
	nota INT,
    PRIMARY KEY (COD_ALUMNO,COD_CURSO,COD_ASIGNATURA),
    constraint fk1 foreign key(cod_alumno) references alumnos(cod_alumno),
    constraint fk2 foreign key(cod_curso) references cursos(cod_curso),
    constraint fk3 foreign key(cod_asignatura) references asignaturas(cod_asignatura)
);

INSERT INTO NOTAS_ALUMNOS (`cod_alumno`,`cod_curso`,`cod_asignatura`,`nota`) VALUES (1,1,3,9);
INSERT INTO NOTAS_ALUMNOS (`cod_alumno`,`cod_curso`,`cod_asignatura`,`nota`) VALUES (1,1,7,8);
INSERT INTO NOTAS_ALUMNOS (`cod_alumno`,`cod_curso`,`cod_asignatura`,`nota`) VALUES (2,9,2,7);
INSERT INTO NOTAS_ALUMNOS (`cod_alumno`,`cod_curso`,`cod_asignatura`,`nota`) VALUES (2,9,11,3);
INSERT INTO NOTAS_ALUMNOS (`cod_alumno`,`cod_curso`,`cod_asignatura`,`nota`) VALUES (2,9,15,1);
INSERT INTO NOTAS_ALUMNOS (`cod_alumno`,`cod_curso`,`cod_asignatura`,`nota`) VALUES (3,3,10,5);
INSERT INTO NOTAS_ALUMNOS (`cod_alumno`,`cod_curso`,`cod_asignatura`,`nota`) VALUES (3,3,12,7);
INSERT INTO NOTAS_ALUMNOS (`cod_alumno`,`cod_curso`,`cod_asignatura`,`nota`) VALUES (3,3,13,4);
INSERT INTO NOTAS_ALUMNOS (`cod_alumno`,`cod_curso`,`cod_asignatura`,`nota`) VALUES (3,3,29,8);
INSERT INTO NOTAS_ALUMNOS (`cod_alumno`,`cod_curso`,`cod_asignatura`,`nota`) VALUES (3,3,33,6);
INSERT INTO NOTAS_ALUMNOS (`cod_alumno`,`cod_curso`,`cod_asignatura`,`nota`) VALUES (4,8,17,6);
INSERT INTO NOTAS_ALUMNOS (`cod_alumno`,`cod_curso`,`cod_asignatura`,`nota`) VALUES (4,8,37,1);
INSERT INTO NOTAS_ALUMNOS (`cod_alumno`,`cod_curso`,`cod_asignatura`,`nota`) VALUES (5,4,21,5);
INSERT INTO NOTAS_ALUMNOS (`cod_alumno`,`cod_curso`,`cod_asignatura`,`nota`) VALUES (5,4,40,5);
INSERT INTO NOTAS_ALUMNOS (`cod_alumno`,`cod_curso`,`cod_asignatura`,`nota`) VALUES (5,4,47,4);
INSERT INTO NOTAS_ALUMNOS (`cod_alumno`,`cod_curso`,`cod_asignatura`,`nota`) VALUES (5,4,48,2);
INSERT INTO NOTAS_ALUMNOS (`cod_alumno`,`cod_curso`,`cod_asignatura`,`nota`) VALUES (5,4,49,4);
INSERT INTO NOTAS_ALUMNOS (`cod_alumno`,`cod_curso`,`cod_asignatura`,`nota`) VALUES (6,9,2,4);
INSERT INTO NOTAS_ALUMNOS (`cod_alumno`,`cod_curso`,`cod_asignatura`,`nota`) VALUES (6,9,11,8);
INSERT INTO NOTAS_ALUMNOS (`cod_alumno`,`cod_curso`,`cod_asignatura`,`nota`) VALUES (6,9,15,2);
INSERT INTO NOTAS_ALUMNOS (`cod_alumno`,`cod_curso`,`cod_asignatura`,`nota`) VALUES (7,10,1,7);
INSERT INTO NOTAS_ALUMNOS (`cod_alumno`,`cod_curso`,`cod_asignatura`,`nota`) VALUES (7,10,9,7);
INSERT INTO NOTAS_ALUMNOS (`cod_alumno`,`cod_curso`,`cod_asignatura`,`nota`) VALUES (7,10,25,7);
INSERT INTO NOTAS_ALUMNOS (`cod_alumno`,`cod_curso`,`cod_asignatura`,`nota`) VALUES (7,10,27,8);
INSERT INTO NOTAS_ALUMNOS (`cod_alumno`,`cod_curso`,`cod_asignatura`,`nota`) VALUES (7,10,34,5);
INSERT INTO NOTAS_ALUMNOS (`cod_alumno`,`cod_curso`,`cod_asignatura`,`nota`) VALUES (7,10,41,5);
INSERT INTO NOTAS_ALUMNOS (`cod_alumno`,`cod_curso`,`cod_asignatura`,`nota`) VALUES (7,10,42,4);
INSERT INTO NOTAS_ALUMNOS (`cod_alumno`,`cod_curso`,`cod_asignatura`,`nota`) VALUES (7,10,46,1);
INSERT INTO NOTAS_ALUMNOS (`cod_alumno`,`cod_curso`,`cod_asignatura`,`nota`) VALUES (8,10,1,7);
INSERT INTO NOTAS_ALUMNOS (`cod_alumno`,`cod_curso`,`cod_asignatura`,`nota`) VALUES (8,10,9,7);
INSERT INTO NOTAS_ALUMNOS (`cod_alumno`,`cod_curso`,`cod_asignatura`,`nota`) VALUES (8,10,25,9);
INSERT INTO NOTAS_ALUMNOS (`cod_alumno`,`cod_curso`,`cod_asignatura`,`nota`) VALUES (8,10,27,9);
INSERT INTO NOTAS_ALUMNOS (`cod_alumno`,`cod_curso`,`cod_asignatura`,`nota`) VALUES (8,10,34,9);
INSERT INTO NOTAS_ALUMNOS (`cod_alumno`,`cod_curso`,`cod_asignatura`,`nota`) VALUES (8,10,41,4);
INSERT INTO NOTAS_ALUMNOS (`cod_alumno`,`cod_curso`,`cod_asignatura`,`nota`) VALUES (8,10,42,2);
INSERT INTO NOTAS_ALUMNOS (`cod_alumno`,`cod_curso`,`cod_asignatura`,`nota`) VALUES (8,10,46,5);
INSERT INTO NOTAS_ALUMNOS (`cod_alumno`,`cod_curso`,`cod_asignatura`,`nota`) VALUES (9,3,10,3);
INSERT INTO NOTAS_ALUMNOS (`cod_alumno`,`cod_curso`,`cod_asignatura`,`nota`) VALUES (9,3,12,5);
INSERT INTO NOTAS_ALUMNOS (`cod_alumno`,`cod_curso`,`cod_asignatura`,`nota`) VALUES (9,3,13,8);
INSERT INTO NOTAS_ALUMNOS (`cod_alumno`,`cod_curso`,`cod_asignatura`,`nota`) VALUES (9,3,29,10);
INSERT INTO NOTAS_ALUMNOS (`cod_alumno`,`cod_curso`,`cod_asignatura`,`nota`) VALUES (9,3,33,4);
INSERT INTO NOTAS_ALUMNOS (`cod_alumno`,`cod_curso`,`cod_asignatura`,`nota`) VALUES (10,7,5,4);
INSERT INTO NOTAS_ALUMNOS (`cod_alumno`,`cod_curso`,`cod_asignatura`,`nota`) VALUES (10,7,18,2);
INSERT INTO NOTAS_ALUMNOS (`cod_alumno`,`cod_curso`,`cod_asignatura`,`nota`) VALUES (10,7,24,6);
INSERT INTO NOTAS_ALUMNOS (`cod_alumno`,`cod_curso`,`cod_asignatura`,`nota`) VALUES (10,7,32,9);
INSERT INTO NOTAS_ALUMNOS (`cod_alumno`,`cod_curso`,`cod_asignatura`,`nota`) VALUES (10,7,38,1);
INSERT INTO NOTAS_ALUMNOS (`cod_alumno`,`cod_curso`,`cod_asignatura`,`nota`) VALUES (10,7,43,7);
INSERT INTO NOTAS_ALUMNOS (`cod_alumno`,`cod_curso`,`cod_asignatura`,`nota`) VALUES (10,7,44,9);
INSERT INTO NOTAS_ALUMNOS (`cod_alumno`,`cod_curso`,`cod_asignatura`,`nota`) VALUES (10,7,50,5);
INSERT INTO NOTAS_ALUMNOS (`cod_alumno`,`cod_curso`,`cod_asignatura`,`nota`) VALUES (11,6,8,5);
INSERT INTO NOTAS_ALUMNOS (`cod_alumno`,`cod_curso`,`cod_asignatura`,`nota`) VALUES (11,6,16,1);
INSERT INTO NOTAS_ALUMNOS (`cod_alumno`,`cod_curso`,`cod_asignatura`,`nota`) VALUES (11,6,28,7);
INSERT INTO NOTAS_ALUMNOS (`cod_alumno`,`cod_curso`,`cod_asignatura`,`nota`) VALUES (12,4,21,10);
INSERT INTO NOTAS_ALUMNOS (`cod_alumno`,`cod_curso`,`cod_asignatura`,`nota`) VALUES (12,4,40,6);
INSERT INTO NOTAS_ALUMNOS (`cod_alumno`,`cod_curso`,`cod_asignatura`,`nota`) VALUES (12,4,47,6);
INSERT INTO NOTAS_ALUMNOS (`cod_alumno`,`cod_curso`,`cod_asignatura`,`nota`) VALUES (12,4,48,8);
INSERT INTO NOTAS_ALUMNOS (`cod_alumno`,`cod_curso`,`cod_asignatura`,`nota`) VALUES (12,4,49,8);
INSERT INTO NOTAS_ALUMNOS (`cod_alumno`,`cod_curso`,`cod_asignatura`,`nota`) VALUES (13,1,3,2);
INSERT INTO NOTAS_ALUMNOS (`cod_alumno`,`cod_curso`,`cod_asignatura`,`nota`) VALUES (13,1,7,5);
INSERT INTO NOTAS_ALUMNOS (`cod_alumno`,`cod_curso`,`cod_asignatura`,`nota`) VALUES (14,4,21,6);
INSERT INTO NOTAS_ALUMNOS (`cod_alumno`,`cod_curso`,`cod_asignatura`,`nota`) VALUES (14,4,40,4);
INSERT INTO NOTAS_ALUMNOS (`cod_alumno`,`cod_curso`,`cod_asignatura`,`nota`) VALUES (14,4,47,8);
INSERT INTO NOTAS_ALUMNOS (`cod_alumno`,`cod_curso`,`cod_asignatura`,`nota`) VALUES (14,4,48,7);
INSERT INTO NOTAS_ALUMNOS (`cod_alumno`,`cod_curso`,`cod_asignatura`,`nota`) VALUES (14,4,49,1);
INSERT INTO NOTAS_ALUMNOS (`cod_alumno`,`cod_curso`,`cod_asignatura`,`nota`) VALUES (15,4,21,1);
INSERT INTO NOTAS_ALUMNOS (`cod_alumno`,`cod_curso`,`cod_asignatura`,`nota`) VALUES (15,4,40,3);
INSERT INTO NOTAS_ALUMNOS (`cod_alumno`,`cod_curso`,`cod_asignatura`,`nota`) VALUES (15,4,47,4);
INSERT INTO NOTAS_ALUMNOS (`cod_alumno`,`cod_curso`,`cod_asignatura`,`nota`) VALUES (15,4,48,9);
INSERT INTO NOTAS_ALUMNOS (`cod_alumno`,`cod_curso`,`cod_asignatura`,`nota`) VALUES (15,4,49,8);
INSERT INTO NOTAS_ALUMNOS (`cod_alumno`,`cod_curso`,`cod_asignatura`,`nota`) VALUES (17,6,8,9);
INSERT INTO NOTAS_ALUMNOS (`cod_alumno`,`cod_curso`,`cod_asignatura`,`nota`) VALUES (17,6,16,9);
INSERT INTO NOTAS_ALUMNOS (`cod_alumno`,`cod_curso`,`cod_asignatura`,`nota`) VALUES (17,6,28,8);
INSERT INTO NOTAS_ALUMNOS (`cod_alumno`,`cod_curso`,`cod_asignatura`,`nota`) VALUES (19,6,8,3);
INSERT INTO NOTAS_ALUMNOS (`cod_alumno`,`cod_curso`,`cod_asignatura`,`nota`) VALUES (19,6,16,5);
INSERT INTO NOTAS_ALUMNOS (`cod_alumno`,`cod_curso`,`cod_asignatura`,`nota`) VALUES (19,6,28,7);
INSERT INTO NOTAS_ALUMNOS (`cod_alumno`,`cod_curso`,`cod_asignatura`,`nota`) VALUES (20,1,3,9);
INSERT INTO NOTAS_ALUMNOS (`cod_alumno`,`cod_curso`,`cod_asignatura`,`nota`) VALUES (20,1,7,9);
INSERT INTO NOTAS_ALUMNOS (`cod_alumno`,`cod_curso`,`cod_asignatura`,`nota`) VALUES (21,1,3,3);
INSERT INTO NOTAS_ALUMNOS (`cod_alumno`,`cod_curso`,`cod_asignatura`,`nota`) VALUES (21,1,7,3);
INSERT INTO NOTAS_ALUMNOS (`cod_alumno`,`cod_curso`,`cod_asignatura`,`nota`) VALUES (23,5,4,7);
INSERT INTO NOTAS_ALUMNOS (`cod_alumno`,`cod_curso`,`cod_asignatura`,`nota`) VALUES (23,5,20,5);
INSERT INTO NOTAS_ALUMNOS (`cod_alumno`,`cod_curso`,`cod_asignatura`,`nota`) VALUES (23,5,22,9);
INSERT INTO NOTAS_ALUMNOS (`cod_alumno`,`cod_curso`,`cod_asignatura`,`nota`) VALUES (23,5,26,5);
INSERT INTO NOTAS_ALUMNOS (`cod_alumno`,`cod_curso`,`cod_asignatura`,`nota`) VALUES (23,5,30,5);
INSERT INTO NOTAS_ALUMNOS (`cod_alumno`,`cod_curso`,`cod_asignatura`,`nota`) VALUES (23,5,31,9);
INSERT INTO NOTAS_ALUMNOS (`cod_alumno`,`cod_curso`,`cod_asignatura`,`nota`) VALUES (23,5,35,3);
INSERT INTO NOTAS_ALUMNOS (`cod_alumno`,`cod_curso`,`cod_asignatura`,`nota`) VALUES (23,5,36,2);
INSERT INTO NOTAS_ALUMNOS (`cod_alumno`,`cod_curso`,`cod_asignatura`,`nota`) VALUES (24,9,2,7);
INSERT INTO NOTAS_ALUMNOS (`cod_alumno`,`cod_curso`,`cod_asignatura`,`nota`) VALUES (24,9,11,3);
INSERT INTO NOTAS_ALUMNOS (`cod_alumno`,`cod_curso`,`cod_asignatura`,`nota`) VALUES (24,9,15,5);
INSERT INTO NOTAS_ALUMNOS (`cod_alumno`,`cod_curso`,`cod_asignatura`,`nota`) VALUES (25,5,4,3);
INSERT INTO NOTAS_ALUMNOS (`cod_alumno`,`cod_curso`,`cod_asignatura`,`nota`) VALUES (25,5,20,7);
INSERT INTO NOTAS_ALUMNOS (`cod_alumno`,`cod_curso`,`cod_asignatura`,`nota`) VALUES (25,5,22,9);
INSERT INTO NOTAS_ALUMNOS (`cod_alumno`,`cod_curso`,`cod_asignatura`,`nota`) VALUES (25,5,26,3);
INSERT INTO NOTAS_ALUMNOS (`cod_alumno`,`cod_curso`,`cod_asignatura`,`nota`) VALUES (25,5,30,6);
INSERT INTO NOTAS_ALUMNOS (`cod_alumno`,`cod_curso`,`cod_asignatura`,`nota`) VALUES (25,5,31,2);
INSERT INTO NOTAS_ALUMNOS (`cod_alumno`,`cod_curso`,`cod_asignatura`,`nota`) VALUES (25,5,35,9);
INSERT INTO NOTAS_ALUMNOS (`cod_alumno`,`cod_curso`,`cod_asignatura`,`nota`) VALUES (25,5,36,10);
INSERT INTO NOTAS_ALUMNOS (`cod_alumno`,`cod_curso`,`cod_asignatura`,`nota`) VALUES (26,9,2,3);
INSERT INTO NOTAS_ALUMNOS (`cod_alumno`,`cod_curso`,`cod_asignatura`,`nota`) VALUES (26,9,11,9);
INSERT INTO NOTAS_ALUMNOS (`cod_alumno`,`cod_curso`,`cod_asignatura`,`nota`) VALUES (26,9,15,7);
INSERT INTO NOTAS_ALUMNOS (`cod_alumno`,`cod_curso`,`cod_asignatura`,`nota`) VALUES (27,4,21,4);
INSERT INTO NOTAS_ALUMNOS (`cod_alumno`,`cod_curso`,`cod_asignatura`,`nota`) VALUES (27,4,40,2);
INSERT INTO NOTAS_ALUMNOS (`cod_alumno`,`cod_curso`,`cod_asignatura`,`nota`) VALUES (27,4,47,3);
INSERT INTO NOTAS_ALUMNOS (`cod_alumno`,`cod_curso`,`cod_asignatura`,`nota`) VALUES (27,4,48,4);
INSERT INTO NOTAS_ALUMNOS (`cod_alumno`,`cod_curso`,`cod_asignatura`,`nota`) VALUES (27,4,49,6);
INSERT INTO NOTAS_ALUMNOS (`cod_alumno`,`cod_curso`,`cod_asignatura`,`nota`) VALUES (28,8,17,8);
INSERT INTO NOTAS_ALUMNOS (`cod_alumno`,`cod_curso`,`cod_asignatura`,`nota`) VALUES (28,8,37,5);
INSERT INTO NOTAS_ALUMNOS (`cod_alumno`,`cod_curso`,`cod_asignatura`,`nota`) VALUES (29,10,1,5);
INSERT INTO NOTAS_ALUMNOS (`cod_alumno`,`cod_curso`,`cod_asignatura`,`nota`) VALUES (29,10,9,4);
INSERT INTO NOTAS_ALUMNOS (`cod_alumno`,`cod_curso`,`cod_asignatura`,`nota`) VALUES (29,10,25,3);
INSERT INTO NOTAS_ALUMNOS (`cod_alumno`,`cod_curso`,`cod_asignatura`,`nota`) VALUES (29,10,27,1);
INSERT INTO NOTAS_ALUMNOS (`cod_alumno`,`cod_curso`,`cod_asignatura`,`nota`) VALUES (29,10,34,2);
INSERT INTO NOTAS_ALUMNOS (`cod_alumno`,`cod_curso`,`cod_asignatura`,`nota`) VALUES (29,10,41,3);
INSERT INTO NOTAS_ALUMNOS (`cod_alumno`,`cod_curso`,`cod_asignatura`,`nota`) VALUES (29,10,42,6);
INSERT INTO NOTAS_ALUMNOS (`cod_alumno`,`cod_curso`,`cod_asignatura`,`nota`) VALUES (29,10,46,8);
INSERT INTO NOTAS_ALUMNOS (`cod_alumno`,`cod_curso`,`cod_asignatura`,`nota`) VALUES (30,7,5,6);
INSERT INTO NOTAS_ALUMNOS (`cod_alumno`,`cod_curso`,`cod_asignatura`,`nota`) VALUES (30,7,18,9);
INSERT INTO NOTAS_ALUMNOS (`cod_alumno`,`cod_curso`,`cod_asignatura`,`nota`) VALUES (30,7,24,4);
INSERT INTO NOTAS_ALUMNOS (`cod_alumno`,`cod_curso`,`cod_asignatura`,`nota`) VALUES (30,7,32,8);
INSERT INTO NOTAS_ALUMNOS (`cod_alumno`,`cod_curso`,`cod_asignatura`,`nota`) VALUES (30,7,38,8);
INSERT INTO NOTAS_ALUMNOS (`cod_alumno`,`cod_curso`,`cod_asignatura`,`nota`) VALUES (30,7,43,8);
INSERT INTO NOTAS_ALUMNOS (`cod_alumno`,`cod_curso`,`cod_asignatura`,`nota`) VALUES (30,7,44,6);
INSERT INTO NOTAS_ALUMNOS (`cod_alumno`,`cod_curso`,`cod_asignatura`,`nota`) VALUES (30,7,50,9);
INSERT INTO NOTAS_ALUMNOS (`cod_alumno`,`cod_curso`,`cod_asignatura`,`nota`) VALUES (31,2,6,4);
INSERT INTO NOTAS_ALUMNOS (`cod_alumno`,`cod_curso`,`cod_asignatura`,`nota`) VALUES (31,2,14,3);
INSERT INTO NOTAS_ALUMNOS (`cod_alumno`,`cod_curso`,`cod_asignatura`,`nota`) VALUES (31,2,19,9);
INSERT INTO NOTAS_ALUMNOS (`cod_alumno`,`cod_curso`,`cod_asignatura`,`nota`) VALUES (31,2,23,2);
INSERT INTO NOTAS_ALUMNOS (`cod_alumno`,`cod_curso`,`cod_asignatura`,`nota`) VALUES (31,2,39,8);
INSERT INTO NOTAS_ALUMNOS (`cod_alumno`,`cod_curso`,`cod_asignatura`,`nota`) VALUES (31,2,45,8);
INSERT INTO NOTAS_ALUMNOS (`cod_alumno`,`cod_curso`,`cod_asignatura`,`nota`) VALUES (32,10,1,3);
INSERT INTO NOTAS_ALUMNOS (`cod_alumno`,`cod_curso`,`cod_asignatura`,`nota`) VALUES (32,10,9,7);
INSERT INTO NOTAS_ALUMNOS (`cod_alumno`,`cod_curso`,`cod_asignatura`,`nota`) VALUES (32,10,25,3);
INSERT INTO NOTAS_ALUMNOS (`cod_alumno`,`cod_curso`,`cod_asignatura`,`nota`) VALUES (32,10,27,6);
INSERT INTO NOTAS_ALUMNOS (`cod_alumno`,`cod_curso`,`cod_asignatura`,`nota`) VALUES (32,10,34,10);
INSERT INTO NOTAS_ALUMNOS (`cod_alumno`,`cod_curso`,`cod_asignatura`,`nota`) VALUES (32,10,41,2);
INSERT INTO NOTAS_ALUMNOS (`cod_alumno`,`cod_curso`,`cod_asignatura`,`nota`) VALUES (32,10,42,6);
INSERT INTO NOTAS_ALUMNOS (`cod_alumno`,`cod_curso`,`cod_asignatura`,`nota`) VALUES (32,10,46,9);
INSERT INTO NOTAS_ALUMNOS (`cod_alumno`,`cod_curso`,`cod_asignatura`,`nota`) VALUES (33,7,5,7);
INSERT INTO NOTAS_ALUMNOS (`cod_alumno`,`cod_curso`,`cod_asignatura`,`nota`) VALUES (33,7,18,2);
INSERT INTO NOTAS_ALUMNOS (`cod_alumno`,`cod_curso`,`cod_asignatura`,`nota`) VALUES (33,7,24,3);
INSERT INTO NOTAS_ALUMNOS (`cod_alumno`,`cod_curso`,`cod_asignatura`,`nota`) VALUES (33,7,32,3);
INSERT INTO NOTAS_ALUMNOS (`cod_alumno`,`cod_curso`,`cod_asignatura`,`nota`) VALUES (33,7,38,7);
INSERT INTO NOTAS_ALUMNOS (`cod_alumno`,`cod_curso`,`cod_asignatura`,`nota`) VALUES (33,7,43,9);
INSERT INTO NOTAS_ALUMNOS (`cod_alumno`,`cod_curso`,`cod_asignatura`,`nota`) VALUES (33,7,44,9);
INSERT INTO NOTAS_ALUMNOS (`cod_alumno`,`cod_curso`,`cod_asignatura`,`nota`) VALUES (33,7,50,10);
INSERT INTO NOTAS_ALUMNOS (`cod_alumno`,`cod_curso`,`cod_asignatura`,`nota`) VALUES (34,10,1,8);
INSERT INTO NOTAS_ALUMNOS (`cod_alumno`,`cod_curso`,`cod_asignatura`,`nota`) VALUES (34,10,9,2);
INSERT INTO NOTAS_ALUMNOS (`cod_alumno`,`cod_curso`,`cod_asignatura`,`nota`) VALUES (34,10,25,8);
INSERT INTO NOTAS_ALUMNOS (`cod_alumno`,`cod_curso`,`cod_asignatura`,`nota`) VALUES (34,10,27,5);
INSERT INTO NOTAS_ALUMNOS (`cod_alumno`,`cod_curso`,`cod_asignatura`,`nota`) VALUES (34,10,34,5);
INSERT INTO NOTAS_ALUMNOS (`cod_alumno`,`cod_curso`,`cod_asignatura`,`nota`) VALUES (34,10,41,2);
INSERT INTO NOTAS_ALUMNOS (`cod_alumno`,`cod_curso`,`cod_asignatura`,`nota`) VALUES (34,10,42,8);
INSERT INTO NOTAS_ALUMNOS (`cod_alumno`,`cod_curso`,`cod_asignatura`,`nota`) VALUES (34,10,46,2);
INSERT INTO NOTAS_ALUMNOS (`cod_alumno`,`cod_curso`,`cod_asignatura`,`nota`) VALUES (35,7,5,6);
INSERT INTO NOTAS_ALUMNOS (`cod_alumno`,`cod_curso`,`cod_asignatura`,`nota`) VALUES (35,7,18,2);
INSERT INTO NOTAS_ALUMNOS (`cod_alumno`,`cod_curso`,`cod_asignatura`,`nota`) VALUES (35,7,24,1);
INSERT INTO NOTAS_ALUMNOS (`cod_alumno`,`cod_curso`,`cod_asignatura`,`nota`) VALUES (35,7,32,10);
INSERT INTO NOTAS_ALUMNOS (`cod_alumno`,`cod_curso`,`cod_asignatura`,`nota`) VALUES (35,7,38,3);
INSERT INTO NOTAS_ALUMNOS (`cod_alumno`,`cod_curso`,`cod_asignatura`,`nota`) VALUES (35,7,43,3);
INSERT INTO NOTAS_ALUMNOS (`cod_alumno`,`cod_curso`,`cod_asignatura`,`nota`) VALUES (35,7,44,7);
INSERT INTO NOTAS_ALUMNOS (`cod_alumno`,`cod_curso`,`cod_asignatura`,`nota`) VALUES (35,7,50,3);
INSERT INTO NOTAS_ALUMNOS (`cod_alumno`,`cod_curso`,`cod_asignatura`,`nota`) VALUES (36,1,3,2);
INSERT INTO NOTAS_ALUMNOS (`cod_alumno`,`cod_curso`,`cod_asignatura`,`nota`) VALUES (36,1,7,5);
INSERT INTO NOTAS_ALUMNOS (`cod_alumno`,`cod_curso`,`cod_asignatura`,`nota`) VALUES (37,8,17,2);
INSERT INTO NOTAS_ALUMNOS (`cod_alumno`,`cod_curso`,`cod_asignatura`,`nota`) VALUES (37,8,37,1);
INSERT INTO NOTAS_ALUMNOS (`cod_alumno`,`cod_curso`,`cod_asignatura`,`nota`) VALUES (38,8,17,4);
INSERT INTO NOTAS_ALUMNOS (`cod_alumno`,`cod_curso`,`cod_asignatura`,`nota`) VALUES (38,8,37,8);
INSERT INTO NOTAS_ALUMNOS (`cod_alumno`,`cod_curso`,`cod_asignatura`,`nota`) VALUES (39,6,8,3);
INSERT INTO NOTAS_ALUMNOS (`cod_alumno`,`cod_curso`,`cod_asignatura`,`nota`) VALUES (39,6,16,5);
INSERT INTO NOTAS_ALUMNOS (`cod_alumno`,`cod_curso`,`cod_asignatura`,`nota`) VALUES (39,6,28,9);
INSERT INTO NOTAS_ALUMNOS (`cod_alumno`,`cod_curso`,`cod_asignatura`,`nota`) VALUES (40,5,4,4);
INSERT INTO NOTAS_ALUMNOS (`cod_alumno`,`cod_curso`,`cod_asignatura`,`nota`) VALUES (40,5,20,7);
INSERT INTO NOTAS_ALUMNOS (`cod_alumno`,`cod_curso`,`cod_asignatura`,`nota`) VALUES (40,5,22,5);
INSERT INTO NOTAS_ALUMNOS (`cod_alumno`,`cod_curso`,`cod_asignatura`,`nota`) VALUES (40,5,26,2);
INSERT INTO NOTAS_ALUMNOS (`cod_alumno`,`cod_curso`,`cod_asignatura`,`nota`) VALUES (40,5,30,2);
INSERT INTO NOTAS_ALUMNOS (`cod_alumno`,`cod_curso`,`cod_asignatura`,`nota`) VALUES (40,5,31,3);
INSERT INTO NOTAS_ALUMNOS (`cod_alumno`,`cod_curso`,`cod_asignatura`,`nota`) VALUES (40,5,35,1);
INSERT INTO NOTAS_ALUMNOS (`cod_alumno`,`cod_curso`,`cod_asignatura`,`nota`) VALUES (40,5,36,4);
INSERT INTO NOTAS_ALUMNOS (`cod_alumno`,`cod_curso`,`cod_asignatura`,`nota`) VALUES (41,6,8,4);
INSERT INTO NOTAS_ALUMNOS (`cod_alumno`,`cod_curso`,`cod_asignatura`,`nota`) VALUES (41,6,16,9);
INSERT INTO NOTAS_ALUMNOS (`cod_alumno`,`cod_curso`,`cod_asignatura`,`nota`) VALUES (41,6,28,6);
INSERT INTO NOTAS_ALUMNOS (`cod_alumno`,`cod_curso`,`cod_asignatura`,`nota`) VALUES (42,10,1,2);
INSERT INTO NOTAS_ALUMNOS (`cod_alumno`,`cod_curso`,`cod_asignatura`,`nota`) VALUES (42,10,9,10);
INSERT INTO NOTAS_ALUMNOS (`cod_alumno`,`cod_curso`,`cod_asignatura`,`nota`) VALUES (42,10,25,3);
INSERT INTO NOTAS_ALUMNOS (`cod_alumno`,`cod_curso`,`cod_asignatura`,`nota`) VALUES (42,10,27,7);
INSERT INTO NOTAS_ALUMNOS (`cod_alumno`,`cod_curso`,`cod_asignatura`,`nota`) VALUES (42,10,34,5);
INSERT INTO NOTAS_ALUMNOS (`cod_alumno`,`cod_curso`,`cod_asignatura`,`nota`) VALUES (42,10,41,9);
INSERT INTO NOTAS_ALUMNOS (`cod_alumno`,`cod_curso`,`cod_asignatura`,`nota`) VALUES (42,10,42,6);
INSERT INTO NOTAS_ALUMNOS (`cod_alumno`,`cod_curso`,`cod_asignatura`,`nota`) VALUES (42,10,46,10);
INSERT INTO NOTAS_ALUMNOS (`cod_alumno`,`cod_curso`,`cod_asignatura`,`nota`) VALUES (43,10,1,2);
INSERT INTO NOTAS_ALUMNOS (`cod_alumno`,`cod_curso`,`cod_asignatura`,`nota`) VALUES (43,10,9,3);
INSERT INTO NOTAS_ALUMNOS (`cod_alumno`,`cod_curso`,`cod_asignatura`,`nota`) VALUES (43,10,25,9);
INSERT INTO NOTAS_ALUMNOS (`cod_alumno`,`cod_curso`,`cod_asignatura`,`nota`) VALUES (43,10,27,9);
INSERT INTO NOTAS_ALUMNOS (`cod_alumno`,`cod_curso`,`cod_asignatura`,`nota`) VALUES (43,10,34,7);
INSERT INTO NOTAS_ALUMNOS (`cod_alumno`,`cod_curso`,`cod_asignatura`,`nota`) VALUES (43,10,41,4);
INSERT INTO NOTAS_ALUMNOS (`cod_alumno`,`cod_curso`,`cod_asignatura`,`nota`) VALUES (43,10,42,4);
INSERT INTO NOTAS_ALUMNOS (`cod_alumno`,`cod_curso`,`cod_asignatura`,`nota`) VALUES (43,10,46,6);
INSERT INTO NOTAS_ALUMNOS (`cod_alumno`,`cod_curso`,`cod_asignatura`,`nota`) VALUES (44,8,17,5);
INSERT INTO NOTAS_ALUMNOS (`cod_alumno`,`cod_curso`,`cod_asignatura`,`nota`) VALUES (44,8,37,2);
INSERT INTO NOTAS_ALUMNOS (`cod_alumno`,`cod_curso`,`cod_asignatura`,`nota`) VALUES (45,10,1,4);
INSERT INTO NOTAS_ALUMNOS (`cod_alumno`,`cod_curso`,`cod_asignatura`,`nota`) VALUES (45,10,9,4);
INSERT INTO NOTAS_ALUMNOS (`cod_alumno`,`cod_curso`,`cod_asignatura`,`nota`) VALUES (45,10,25,7);
INSERT INTO NOTAS_ALUMNOS (`cod_alumno`,`cod_curso`,`cod_asignatura`,`nota`) VALUES (45,10,27,8);
INSERT INTO NOTAS_ALUMNOS (`cod_alumno`,`cod_curso`,`cod_asignatura`,`nota`) VALUES (45,10,34,3);
INSERT INTO NOTAS_ALUMNOS (`cod_alumno`,`cod_curso`,`cod_asignatura`,`nota`) VALUES (45,10,41,9);
INSERT INTO NOTAS_ALUMNOS (`cod_alumno`,`cod_curso`,`cod_asignatura`,`nota`) VALUES (45,10,42,2);
INSERT INTO NOTAS_ALUMNOS (`cod_alumno`,`cod_curso`,`cod_asignatura`,`nota`) VALUES (45,10,46,6);
INSERT INTO NOTAS_ALUMNOS (`cod_alumno`,`cod_curso`,`cod_asignatura`,`nota`) VALUES (46,1,3,3);
INSERT INTO NOTAS_ALUMNOS (`cod_alumno`,`cod_curso`,`cod_asignatura`,`nota`) VALUES (46,1,7,6);
INSERT INTO NOTAS_ALUMNOS (`cod_alumno`,`cod_curso`,`cod_asignatura`,`nota`) VALUES (47,10,1,3);
INSERT INTO NOTAS_ALUMNOS (`cod_alumno`,`cod_curso`,`cod_asignatura`,`nota`) VALUES (47,10,9,3);
INSERT INTO NOTAS_ALUMNOS (`cod_alumno`,`cod_curso`,`cod_asignatura`,`nota`) VALUES (47,10,25,5);
INSERT INTO NOTAS_ALUMNOS (`cod_alumno`,`cod_curso`,`cod_asignatura`,`nota`) VALUES (47,10,27,9);
INSERT INTO NOTAS_ALUMNOS (`cod_alumno`,`cod_curso`,`cod_asignatura`,`nota`) VALUES (47,10,34,10);
INSERT INTO NOTAS_ALUMNOS (`cod_alumno`,`cod_curso`,`cod_asignatura`,`nota`) VALUES (47,10,41,7);
INSERT INTO NOTAS_ALUMNOS (`cod_alumno`,`cod_curso`,`cod_asignatura`,`nota`) VALUES (47,10,42,7);
INSERT INTO NOTAS_ALUMNOS (`cod_alumno`,`cod_curso`,`cod_asignatura`,`nota`) VALUES (47,10,46,3);
INSERT INTO NOTAS_ALUMNOS (`cod_alumno`,`cod_curso`,`cod_asignatura`,`nota`) VALUES (48,5,4,8);
INSERT INTO NOTAS_ALUMNOS (`cod_alumno`,`cod_curso`,`cod_asignatura`,`nota`) VALUES (48,5,20,9);
INSERT INTO NOTAS_ALUMNOS (`cod_alumno`,`cod_curso`,`cod_asignatura`,`nota`) VALUES (48,5,22,3);
INSERT INTO NOTAS_ALUMNOS (`cod_alumno`,`cod_curso`,`cod_asignatura`,`nota`) VALUES (48,5,26,4);
INSERT INTO NOTAS_ALUMNOS (`cod_alumno`,`cod_curso`,`cod_asignatura`,`nota`) VALUES (48,5,30,9);
INSERT INTO NOTAS_ALUMNOS (`cod_alumno`,`cod_curso`,`cod_asignatura`,`nota`) VALUES (48,5,31,4);
INSERT INTO NOTAS_ALUMNOS (`cod_alumno`,`cod_curso`,`cod_asignatura`,`nota`) VALUES (48,5,35,10);
INSERT INTO NOTAS_ALUMNOS (`cod_alumno`,`cod_curso`,`cod_asignatura`,`nota`) VALUES (48,5,36,2);
INSERT INTO NOTAS_ALUMNOS (`cod_alumno`,`cod_curso`,`cod_asignatura`,`nota`) VALUES (49,9,2,10);
INSERT INTO NOTAS_ALUMNOS (`cod_alumno`,`cod_curso`,`cod_asignatura`,`nota`) VALUES (49,9,11,10);
INSERT INTO NOTAS_ALUMNOS (`cod_alumno`,`cod_curso`,`cod_asignatura`,`nota`) VALUES (49,9,15,4);
INSERT INTO NOTAS_ALUMNOS (`cod_alumno`,`cod_curso`,`cod_asignatura`,`nota`) VALUES (50,6,8,5);
INSERT INTO NOTAS_ALUMNOS (`cod_alumno`,`cod_curso`,`cod_asignatura`,`nota`) VALUES (50,6,16,2);
INSERT INTO NOTAS_ALUMNOS (`cod_alumno`,`cod_curso`,`cod_asignatura`,`nota`) VALUES (50,6,28,3);
INSERT INTO NOTAS_ALUMNOS (`cod_alumno`,`cod_curso`,`cod_asignatura`,`nota`) VALUES (51,10,1,5);
INSERT INTO NOTAS_ALUMNOS (`cod_alumno`,`cod_curso`,`cod_asignatura`,`nota`) VALUES (51,10,9,7);
INSERT INTO NOTAS_ALUMNOS (`cod_alumno`,`cod_curso`,`cod_asignatura`,`nota`) VALUES (51,10,25,4);
INSERT INTO NOTAS_ALUMNOS (`cod_alumno`,`cod_curso`,`cod_asignatura`,`nota`) VALUES (51,10,27,2);
INSERT INTO NOTAS_ALUMNOS (`cod_alumno`,`cod_curso`,`cod_asignatura`,`nota`) VALUES (51,10,34,3);
INSERT INTO NOTAS_ALUMNOS (`cod_alumno`,`cod_curso`,`cod_asignatura`,`nota`) VALUES (51,10,41,6);
INSERT INTO NOTAS_ALUMNOS (`cod_alumno`,`cod_curso`,`cod_asignatura`,`nota`) VALUES (51,10,42,10);
INSERT INTO NOTAS_ALUMNOS (`cod_alumno`,`cod_curso`,`cod_asignatura`,`nota`) VALUES (51,10,46,5);
INSERT INTO NOTAS_ALUMNOS (`cod_alumno`,`cod_curso`,`cod_asignatura`,`nota`) VALUES (52,7,5,7);
INSERT INTO NOTAS_ALUMNOS (`cod_alumno`,`cod_curso`,`cod_asignatura`,`nota`) VALUES (52,7,18,2);
INSERT INTO NOTAS_ALUMNOS (`cod_alumno`,`cod_curso`,`cod_asignatura`,`nota`) VALUES (52,7,24,6);
INSERT INTO NOTAS_ALUMNOS (`cod_alumno`,`cod_curso`,`cod_asignatura`,`nota`) VALUES (52,7,32,10);
INSERT INTO NOTAS_ALUMNOS (`cod_alumno`,`cod_curso`,`cod_asignatura`,`nota`) VALUES (52,7,38,4);
INSERT INTO NOTAS_ALUMNOS (`cod_alumno`,`cod_curso`,`cod_asignatura`,`nota`) VALUES (52,7,43,5);
INSERT INTO NOTAS_ALUMNOS (`cod_alumno`,`cod_curso`,`cod_asignatura`,`nota`) VALUES (52,7,44,9);
INSERT INTO NOTAS_ALUMNOS (`cod_alumno`,`cod_curso`,`cod_asignatura`,`nota`) VALUES (52,7,50,4);
INSERT INTO NOTAS_ALUMNOS (`cod_alumno`,`cod_curso`,`cod_asignatura`,`nota`) VALUES (54,9,2,3);
INSERT INTO NOTAS_ALUMNOS (`cod_alumno`,`cod_curso`,`cod_asignatura`,`nota`) VALUES (54,9,11,2);
INSERT INTO NOTAS_ALUMNOS (`cod_alumno`,`cod_curso`,`cod_asignatura`,`nota`) VALUES (54,9,15,7);
INSERT INTO NOTAS_ALUMNOS (`cod_alumno`,`cod_curso`,`cod_asignatura`,`nota`) VALUES (55,6,8,8);
INSERT INTO NOTAS_ALUMNOS (`cod_alumno`,`cod_curso`,`cod_asignatura`,`nota`) VALUES (55,6,16,10);
INSERT INTO NOTAS_ALUMNOS (`cod_alumno`,`cod_curso`,`cod_asignatura`,`nota`) VALUES (55,6,28,3);
INSERT INTO NOTAS_ALUMNOS (`cod_alumno`,`cod_curso`,`cod_asignatura`,`nota`) VALUES (56,7,5,1);
INSERT INTO NOTAS_ALUMNOS (`cod_alumno`,`cod_curso`,`cod_asignatura`,`nota`) VALUES (56,7,18,5);
INSERT INTO NOTAS_ALUMNOS (`cod_alumno`,`cod_curso`,`cod_asignatura`,`nota`) VALUES (56,7,24,5);
INSERT INTO NOTAS_ALUMNOS (`cod_alumno`,`cod_curso`,`cod_asignatura`,`nota`) VALUES (56,7,32,9);
INSERT INTO NOTAS_ALUMNOS (`cod_alumno`,`cod_curso`,`cod_asignatura`,`nota`) VALUES (56,7,38,6);
INSERT INTO NOTAS_ALUMNOS (`cod_alumno`,`cod_curso`,`cod_asignatura`,`nota`) VALUES (56,7,43,4);
INSERT INTO NOTAS_ALUMNOS (`cod_alumno`,`cod_curso`,`cod_asignatura`,`nota`) VALUES (56,7,44,3);
INSERT INTO NOTAS_ALUMNOS (`cod_alumno`,`cod_curso`,`cod_asignatura`,`nota`) VALUES (56,7,50,9);
INSERT INTO NOTAS_ALUMNOS (`cod_alumno`,`cod_curso`,`cod_asignatura`,`nota`) VALUES (57,2,6,2);
INSERT INTO NOTAS_ALUMNOS (`cod_alumno`,`cod_curso`,`cod_asignatura`,`nota`) VALUES (57,2,14,6);
INSERT INTO NOTAS_ALUMNOS (`cod_alumno`,`cod_curso`,`cod_asignatura`,`nota`) VALUES (57,2,19,5);
INSERT INTO NOTAS_ALUMNOS (`cod_alumno`,`cod_curso`,`cod_asignatura`,`nota`) VALUES (57,2,23,6);
INSERT INTO NOTAS_ALUMNOS (`cod_alumno`,`cod_curso`,`cod_asignatura`,`nota`) VALUES (57,2,39,6);
INSERT INTO NOTAS_ALUMNOS (`cod_alumno`,`cod_curso`,`cod_asignatura`,`nota`) VALUES (57,2,45,9);
INSERT INTO NOTAS_ALUMNOS (`cod_alumno`,`cod_curso`,`cod_asignatura`,`nota`) VALUES (58,7,5,9);
INSERT INTO NOTAS_ALUMNOS (`cod_alumno`,`cod_curso`,`cod_asignatura`,`nota`) VALUES (58,7,18,7);
INSERT INTO NOTAS_ALUMNOS (`cod_alumno`,`cod_curso`,`cod_asignatura`,`nota`) VALUES (58,7,24,6);
INSERT INTO NOTAS_ALUMNOS (`cod_alumno`,`cod_curso`,`cod_asignatura`,`nota`) VALUES (58,7,32,8);
INSERT INTO NOTAS_ALUMNOS (`cod_alumno`,`cod_curso`,`cod_asignatura`,`nota`) VALUES (58,7,38,10);
INSERT INTO NOTAS_ALUMNOS (`cod_alumno`,`cod_curso`,`cod_asignatura`,`nota`) VALUES (58,7,43,6);
INSERT INTO NOTAS_ALUMNOS (`cod_alumno`,`cod_curso`,`cod_asignatura`,`nota`) VALUES (58,7,44,5);
INSERT INTO NOTAS_ALUMNOS (`cod_alumno`,`cod_curso`,`cod_asignatura`,`nota`) VALUES (58,7,50,5);
INSERT INTO NOTAS_ALUMNOS (`cod_alumno`,`cod_curso`,`cod_asignatura`,`nota`) VALUES (59,6,8,9);
INSERT INTO NOTAS_ALUMNOS (`cod_alumno`,`cod_curso`,`cod_asignatura`,`nota`) VALUES (59,6,16,6);
INSERT INTO NOTAS_ALUMNOS (`cod_alumno`,`cod_curso`,`cod_asignatura`,`nota`) VALUES (59,6,28,6);
INSERT INTO NOTAS_ALUMNOS (`cod_alumno`,`cod_curso`,`cod_asignatura`,`nota`) VALUES (61,9,2,3);
INSERT INTO NOTAS_ALUMNOS (`cod_alumno`,`cod_curso`,`cod_asignatura`,`nota`) VALUES (61,9,11,7);
INSERT INTO NOTAS_ALUMNOS (`cod_alumno`,`cod_curso`,`cod_asignatura`,`nota`) VALUES (61,9,15,4);
INSERT INTO NOTAS_ALUMNOS (`cod_alumno`,`cod_curso`,`cod_asignatura`,`nota`) VALUES (62,10,1,4);
INSERT INTO NOTAS_ALUMNOS (`cod_alumno`,`cod_curso`,`cod_asignatura`,`nota`) VALUES (62,10,9,1);
INSERT INTO NOTAS_ALUMNOS (`cod_alumno`,`cod_curso`,`cod_asignatura`,`nota`) VALUES (62,10,25,6);
INSERT INTO NOTAS_ALUMNOS (`cod_alumno`,`cod_curso`,`cod_asignatura`,`nota`) VALUES (62,10,27,3);
INSERT INTO NOTAS_ALUMNOS (`cod_alumno`,`cod_curso`,`cod_asignatura`,`nota`) VALUES (62,10,34,3);
INSERT INTO NOTAS_ALUMNOS (`cod_alumno`,`cod_curso`,`cod_asignatura`,`nota`) VALUES (62,10,41,8);
INSERT INTO NOTAS_ALUMNOS (`cod_alumno`,`cod_curso`,`cod_asignatura`,`nota`) VALUES (62,10,42,7);
INSERT INTO NOTAS_ALUMNOS (`cod_alumno`,`cod_curso`,`cod_asignatura`,`nota`) VALUES (62,10,46,5);
INSERT INTO NOTAS_ALUMNOS (`cod_alumno`,`cod_curso`,`cod_asignatura`,`nota`) VALUES (63,7,5,5);
INSERT INTO NOTAS_ALUMNOS (`cod_alumno`,`cod_curso`,`cod_asignatura`,`nota`) VALUES (63,7,18,2);
INSERT INTO NOTAS_ALUMNOS (`cod_alumno`,`cod_curso`,`cod_asignatura`,`nota`) VALUES (63,7,24,8);
INSERT INTO NOTAS_ALUMNOS (`cod_alumno`,`cod_curso`,`cod_asignatura`,`nota`) VALUES (63,7,32,4);
INSERT INTO NOTAS_ALUMNOS (`cod_alumno`,`cod_curso`,`cod_asignatura`,`nota`) VALUES (63,7,38,4);
INSERT INTO NOTAS_ALUMNOS (`cod_alumno`,`cod_curso`,`cod_asignatura`,`nota`) VALUES (63,7,43,5);
INSERT INTO NOTAS_ALUMNOS (`cod_alumno`,`cod_curso`,`cod_asignatura`,`nota`) VALUES (63,7,44,8);
INSERT INTO NOTAS_ALUMNOS (`cod_alumno`,`cod_curso`,`cod_asignatura`,`nota`) VALUES (63,7,50,7);
INSERT INTO NOTAS_ALUMNOS (`cod_alumno`,`cod_curso`,`cod_asignatura`,`nota`) VALUES (64,4,21,7);
INSERT INTO NOTAS_ALUMNOS (`cod_alumno`,`cod_curso`,`cod_asignatura`,`nota`) VALUES (64,4,40,7);
INSERT INTO NOTAS_ALUMNOS (`cod_alumno`,`cod_curso`,`cod_asignatura`,`nota`) VALUES (64,4,47,1);
INSERT INTO NOTAS_ALUMNOS (`cod_alumno`,`cod_curso`,`cod_asignatura`,`nota`) VALUES (64,4,48,10);
INSERT INTO NOTAS_ALUMNOS (`cod_alumno`,`cod_curso`,`cod_asignatura`,`nota`) VALUES (64,4,49,6);
INSERT INTO NOTAS_ALUMNOS (`cod_alumno`,`cod_curso`,`cod_asignatura`,`nota`) VALUES (65,1,3,8);
INSERT INTO NOTAS_ALUMNOS (`cod_alumno`,`cod_curso`,`cod_asignatura`,`nota`) VALUES (65,1,7,5);
INSERT INTO NOTAS_ALUMNOS (`cod_alumno`,`cod_curso`,`cod_asignatura`,`nota`) VALUES (66,1,3,9);
INSERT INTO NOTAS_ALUMNOS (`cod_alumno`,`cod_curso`,`cod_asignatura`,`nota`) VALUES (66,1,7,6);
INSERT INTO NOTAS_ALUMNOS (`cod_alumno`,`cod_curso`,`cod_asignatura`,`nota`) VALUES (67,7,5,8);
INSERT INTO NOTAS_ALUMNOS (`cod_alumno`,`cod_curso`,`cod_asignatura`,`nota`) VALUES (67,7,18,5);
INSERT INTO NOTAS_ALUMNOS (`cod_alumno`,`cod_curso`,`cod_asignatura`,`nota`) VALUES (67,7,24,10);
INSERT INTO NOTAS_ALUMNOS (`cod_alumno`,`cod_curso`,`cod_asignatura`,`nota`) VALUES (67,7,32,2);
INSERT INTO NOTAS_ALUMNOS (`cod_alumno`,`cod_curso`,`cod_asignatura`,`nota`) VALUES (67,7,38,5);
INSERT INTO NOTAS_ALUMNOS (`cod_alumno`,`cod_curso`,`cod_asignatura`,`nota`) VALUES (67,7,43,9);
INSERT INTO NOTAS_ALUMNOS (`cod_alumno`,`cod_curso`,`cod_asignatura`,`nota`) VALUES (67,7,44,5);
INSERT INTO NOTAS_ALUMNOS (`cod_alumno`,`cod_curso`,`cod_asignatura`,`nota`) VALUES (67,7,50,2);
INSERT INTO NOTAS_ALUMNOS (`cod_alumno`,`cod_curso`,`cod_asignatura`,`nota`) VALUES (70,9,2,6);
INSERT INTO NOTAS_ALUMNOS (`cod_alumno`,`cod_curso`,`cod_asignatura`,`nota`) VALUES (70,9,11,3);
INSERT INTO NOTAS_ALUMNOS (`cod_alumno`,`cod_curso`,`cod_asignatura`,`nota`) VALUES (70,9,15,6);
INSERT INTO NOTAS_ALUMNOS (`cod_alumno`,`cod_curso`,`cod_asignatura`,`nota`) VALUES (71,1,3,4);
INSERT INTO NOTAS_ALUMNOS (`cod_alumno`,`cod_curso`,`cod_asignatura`,`nota`) VALUES (71,1,7,4);
INSERT INTO NOTAS_ALUMNOS (`cod_alumno`,`cod_curso`,`cod_asignatura`,`nota`) VALUES (72,2,6,8);
INSERT INTO NOTAS_ALUMNOS (`cod_alumno`,`cod_curso`,`cod_asignatura`,`nota`) VALUES (72,2,14,5);
INSERT INTO NOTAS_ALUMNOS (`cod_alumno`,`cod_curso`,`cod_asignatura`,`nota`) VALUES (72,2,19,9);
INSERT INTO NOTAS_ALUMNOS (`cod_alumno`,`cod_curso`,`cod_asignatura`,`nota`) VALUES (72,2,23,9);
INSERT INTO NOTAS_ALUMNOS (`cod_alumno`,`cod_curso`,`cod_asignatura`,`nota`) VALUES (72,2,39,1);
INSERT INTO NOTAS_ALUMNOS (`cod_alumno`,`cod_curso`,`cod_asignatura`,`nota`) VALUES (72,2,45,4);
INSERT INTO NOTAS_ALUMNOS (`cod_alumno`,`cod_curso`,`cod_asignatura`,`nota`) VALUES (73,4,21,5);
INSERT INTO NOTAS_ALUMNOS (`cod_alumno`,`cod_curso`,`cod_asignatura`,`nota`) VALUES (73,4,40,2);
INSERT INTO NOTAS_ALUMNOS (`cod_alumno`,`cod_curso`,`cod_asignatura`,`nota`) VALUES (73,4,47,6);
INSERT INTO NOTAS_ALUMNOS (`cod_alumno`,`cod_curso`,`cod_asignatura`,`nota`) VALUES (73,4,48,10);
INSERT INTO NOTAS_ALUMNOS (`cod_alumno`,`cod_curso`,`cod_asignatura`,`nota`) VALUES (73,4,49,3);
INSERT INTO NOTAS_ALUMNOS (`cod_alumno`,`cod_curso`,`cod_asignatura`,`nota`) VALUES (74,2,6,8);
INSERT INTO NOTAS_ALUMNOS (`cod_alumno`,`cod_curso`,`cod_asignatura`,`nota`) VALUES (74,2,14,8);
INSERT INTO NOTAS_ALUMNOS (`cod_alumno`,`cod_curso`,`cod_asignatura`,`nota`) VALUES (74,2,19,5);
INSERT INTO NOTAS_ALUMNOS (`cod_alumno`,`cod_curso`,`cod_asignatura`,`nota`) VALUES (74,2,23,9);
INSERT INTO NOTAS_ALUMNOS (`cod_alumno`,`cod_curso`,`cod_asignatura`,`nota`) VALUES (74,2,39,2);
INSERT INTO NOTAS_ALUMNOS (`cod_alumno`,`cod_curso`,`cod_asignatura`,`nota`) VALUES (74,2,45,10);
INSERT INTO NOTAS_ALUMNOS (`cod_alumno`,`cod_curso`,`cod_asignatura`,`nota`) VALUES (75,7,5,3);
INSERT INTO NOTAS_ALUMNOS (`cod_alumno`,`cod_curso`,`cod_asignatura`,`nota`) VALUES (75,7,18,9);
INSERT INTO NOTAS_ALUMNOS (`cod_alumno`,`cod_curso`,`cod_asignatura`,`nota`) VALUES (75,7,24,5);
INSERT INTO NOTAS_ALUMNOS (`cod_alumno`,`cod_curso`,`cod_asignatura`,`nota`) VALUES (75,7,32,6);
INSERT INTO NOTAS_ALUMNOS (`cod_alumno`,`cod_curso`,`cod_asignatura`,`nota`) VALUES (75,7,38,3);
INSERT INTO NOTAS_ALUMNOS (`cod_alumno`,`cod_curso`,`cod_asignatura`,`nota`) VALUES (75,7,43,2);
INSERT INTO NOTAS_ALUMNOS (`cod_alumno`,`cod_curso`,`cod_asignatura`,`nota`) VALUES (75,7,44,1);
INSERT INTO NOTAS_ALUMNOS (`cod_alumno`,`cod_curso`,`cod_asignatura`,`nota`) VALUES (75,7,50,6);
INSERT INTO NOTAS_ALUMNOS (`cod_alumno`,`cod_curso`,`cod_asignatura`,`nota`) VALUES (76,6,8,9);
INSERT INTO NOTAS_ALUMNOS (`cod_alumno`,`cod_curso`,`cod_asignatura`,`nota`) VALUES (76,6,16,8);
INSERT INTO NOTAS_ALUMNOS (`cod_alumno`,`cod_curso`,`cod_asignatura`,`nota`) VALUES (76,6,28,3);
INSERT INTO NOTAS_ALUMNOS (`cod_alumno`,`cod_curso`,`cod_asignatura`,`nota`) VALUES (77,2,6,5);
INSERT INTO NOTAS_ALUMNOS (`cod_alumno`,`cod_curso`,`cod_asignatura`,`nota`) VALUES (77,2,14,4);
INSERT INTO NOTAS_ALUMNOS (`cod_alumno`,`cod_curso`,`cod_asignatura`,`nota`) VALUES (77,2,19,6);
INSERT INTO NOTAS_ALUMNOS (`cod_alumno`,`cod_curso`,`cod_asignatura`,`nota`) VALUES (77,2,23,5);
INSERT INTO NOTAS_ALUMNOS (`cod_alumno`,`cod_curso`,`cod_asignatura`,`nota`) VALUES (77,2,39,9);
INSERT INTO NOTAS_ALUMNOS (`cod_alumno`,`cod_curso`,`cod_asignatura`,`nota`) VALUES (77,2,45,1);
INSERT INTO NOTAS_ALUMNOS (`cod_alumno`,`cod_curso`,`cod_asignatura`,`nota`) VALUES (78,8,17,9);
INSERT INTO NOTAS_ALUMNOS (`cod_alumno`,`cod_curso`,`cod_asignatura`,`nota`) VALUES (78,8,37,9);
INSERT INTO NOTAS_ALUMNOS (`cod_alumno`,`cod_curso`,`cod_asignatura`,`nota`) VALUES (79,7,5,8);
INSERT INTO NOTAS_ALUMNOS (`cod_alumno`,`cod_curso`,`cod_asignatura`,`nota`) VALUES (79,7,18,3);
INSERT INTO NOTAS_ALUMNOS (`cod_alumno`,`cod_curso`,`cod_asignatura`,`nota`) VALUES (79,7,24,6);
INSERT INTO NOTAS_ALUMNOS (`cod_alumno`,`cod_curso`,`cod_asignatura`,`nota`) VALUES (79,7,32,5);
INSERT INTO NOTAS_ALUMNOS (`cod_alumno`,`cod_curso`,`cod_asignatura`,`nota`) VALUES (79,7,38,9);
INSERT INTO NOTAS_ALUMNOS (`cod_alumno`,`cod_curso`,`cod_asignatura`,`nota`) VALUES (79,7,43,7);
INSERT INTO NOTAS_ALUMNOS (`cod_alumno`,`cod_curso`,`cod_asignatura`,`nota`) VALUES (79,7,44,8);
INSERT INTO NOTAS_ALUMNOS (`cod_alumno`,`cod_curso`,`cod_asignatura`,`nota`) VALUES (79,7,50,3);
INSERT INTO NOTAS_ALUMNOS (`cod_alumno`,`cod_curso`,`cod_asignatura`,`nota`) VALUES (80,3,10,9);
INSERT INTO NOTAS_ALUMNOS (`cod_alumno`,`cod_curso`,`cod_asignatura`,`nota`) VALUES (80,3,12,5);
INSERT INTO NOTAS_ALUMNOS (`cod_alumno`,`cod_curso`,`cod_asignatura`,`nota`) VALUES (80,3,13,6);
INSERT INTO NOTAS_ALUMNOS (`cod_alumno`,`cod_curso`,`cod_asignatura`,`nota`) VALUES (80,3,29,4);
INSERT INTO NOTAS_ALUMNOS (`cod_alumno`,`cod_curso`,`cod_asignatura`,`nota`) VALUES (80,3,33,10);
INSERT INTO NOTAS_ALUMNOS (`cod_alumno`,`cod_curso`,`cod_asignatura`,`nota`) VALUES (81,10,1,3);
INSERT INTO NOTAS_ALUMNOS (`cod_alumno`,`cod_curso`,`cod_asignatura`,`nota`) VALUES (81,10,9,2);
INSERT INTO NOTAS_ALUMNOS (`cod_alumno`,`cod_curso`,`cod_asignatura`,`nota`) VALUES (81,10,25,5);
INSERT INTO NOTAS_ALUMNOS (`cod_alumno`,`cod_curso`,`cod_asignatura`,`nota`) VALUES (81,10,27,5);
INSERT INTO NOTAS_ALUMNOS (`cod_alumno`,`cod_curso`,`cod_asignatura`,`nota`) VALUES (81,10,34,4);
INSERT INTO NOTAS_ALUMNOS (`cod_alumno`,`cod_curso`,`cod_asignatura`,`nota`) VALUES (81,10,41,3);
INSERT INTO NOTAS_ALUMNOS (`cod_alumno`,`cod_curso`,`cod_asignatura`,`nota`) VALUES (81,10,42,7);
INSERT INTO NOTAS_ALUMNOS (`cod_alumno`,`cod_curso`,`cod_asignatura`,`nota`) VALUES (81,10,46,10);
INSERT INTO NOTAS_ALUMNOS (`cod_alumno`,`cod_curso`,`cod_asignatura`,`nota`) VALUES (82,3,10,7);
INSERT INTO NOTAS_ALUMNOS (`cod_alumno`,`cod_curso`,`cod_asignatura`,`nota`) VALUES (82,3,12,6);
INSERT INTO NOTAS_ALUMNOS (`cod_alumno`,`cod_curso`,`cod_asignatura`,`nota`) VALUES (82,3,13,8);
INSERT INTO NOTAS_ALUMNOS (`cod_alumno`,`cod_curso`,`cod_asignatura`,`nota`) VALUES (82,3,29,8);
INSERT INTO NOTAS_ALUMNOS (`cod_alumno`,`cod_curso`,`cod_asignatura`,`nota`) VALUES (82,3,33,9);
INSERT INTO NOTAS_ALUMNOS (`cod_alumno`,`cod_curso`,`cod_asignatura`,`nota`) VALUES (83,7,5,4);
INSERT INTO NOTAS_ALUMNOS (`cod_alumno`,`cod_curso`,`cod_asignatura`,`nota`) VALUES (83,7,18,4);
INSERT INTO NOTAS_ALUMNOS (`cod_alumno`,`cod_curso`,`cod_asignatura`,`nota`) VALUES (83,7,24,4);
INSERT INTO NOTAS_ALUMNOS (`cod_alumno`,`cod_curso`,`cod_asignatura`,`nota`) VALUES (83,7,32,4);
INSERT INTO NOTAS_ALUMNOS (`cod_alumno`,`cod_curso`,`cod_asignatura`,`nota`) VALUES (83,7,38,10);
INSERT INTO NOTAS_ALUMNOS (`cod_alumno`,`cod_curso`,`cod_asignatura`,`nota`) VALUES (83,7,43,4);
INSERT INTO NOTAS_ALUMNOS (`cod_alumno`,`cod_curso`,`cod_asignatura`,`nota`) VALUES (83,7,44,9);
INSERT INTO NOTAS_ALUMNOS (`cod_alumno`,`cod_curso`,`cod_asignatura`,`nota`) VALUES (83,7,50,8);
INSERT INTO NOTAS_ALUMNOS (`cod_alumno`,`cod_curso`,`cod_asignatura`,`nota`) VALUES (84,5,4,4);
INSERT INTO NOTAS_ALUMNOS (`cod_alumno`,`cod_curso`,`cod_asignatura`,`nota`) VALUES (84,5,20,4);
INSERT INTO NOTAS_ALUMNOS (`cod_alumno`,`cod_curso`,`cod_asignatura`,`nota`) VALUES (84,5,22,9);
INSERT INTO NOTAS_ALUMNOS (`cod_alumno`,`cod_curso`,`cod_asignatura`,`nota`) VALUES (84,5,26,5);
INSERT INTO NOTAS_ALUMNOS (`cod_alumno`,`cod_curso`,`cod_asignatura`,`nota`) VALUES (84,5,30,6);
INSERT INTO NOTAS_ALUMNOS (`cod_alumno`,`cod_curso`,`cod_asignatura`,`nota`) VALUES (84,5,31,4);
INSERT INTO NOTAS_ALUMNOS (`cod_alumno`,`cod_curso`,`cod_asignatura`,`nota`) VALUES (84,5,35,1);
INSERT INTO NOTAS_ALUMNOS (`cod_alumno`,`cod_curso`,`cod_asignatura`,`nota`) VALUES (84,5,36,2);
INSERT INTO NOTAS_ALUMNOS (`cod_alumno`,`cod_curso`,`cod_asignatura`,`nota`) VALUES (85,1,3,3);
INSERT INTO NOTAS_ALUMNOS (`cod_alumno`,`cod_curso`,`cod_asignatura`,`nota`) VALUES (85,1,7,9);
INSERT INTO NOTAS_ALUMNOS (`cod_alumno`,`cod_curso`,`cod_asignatura`,`nota`) VALUES (86,4,21,1);
INSERT INTO NOTAS_ALUMNOS (`cod_alumno`,`cod_curso`,`cod_asignatura`,`nota`) VALUES (86,4,40,4);
INSERT INTO NOTAS_ALUMNOS (`cod_alumno`,`cod_curso`,`cod_asignatura`,`nota`) VALUES (86,4,47,9);
INSERT INTO NOTAS_ALUMNOS (`cod_alumno`,`cod_curso`,`cod_asignatura`,`nota`) VALUES (86,4,48,2);
INSERT INTO NOTAS_ALUMNOS (`cod_alumno`,`cod_curso`,`cod_asignatura`,`nota`) VALUES (86,4,49,3);
INSERT INTO NOTAS_ALUMNOS (`cod_alumno`,`cod_curso`,`cod_asignatura`,`nota`) VALUES (87,6,8,1);
INSERT INTO NOTAS_ALUMNOS (`cod_alumno`,`cod_curso`,`cod_asignatura`,`nota`) VALUES (87,6,16,3);
INSERT INTO NOTAS_ALUMNOS (`cod_alumno`,`cod_curso`,`cod_asignatura`,`nota`) VALUES (87,6,28,4);
INSERT INTO NOTAS_ALUMNOS (`cod_alumno`,`cod_curso`,`cod_asignatura`,`nota`) VALUES (88,9,2,3);
INSERT INTO NOTAS_ALUMNOS (`cod_alumno`,`cod_curso`,`cod_asignatura`,`nota`) VALUES (88,9,11,7);
INSERT INTO NOTAS_ALUMNOS (`cod_alumno`,`cod_curso`,`cod_asignatura`,`nota`) VALUES (88,9,15,6);
INSERT INTO NOTAS_ALUMNOS (`cod_alumno`,`cod_curso`,`cod_asignatura`,`nota`) VALUES (89,6,8,5);
INSERT INTO NOTAS_ALUMNOS (`cod_alumno`,`cod_curso`,`cod_asignatura`,`nota`) VALUES (89,6,16,9);
INSERT INTO NOTAS_ALUMNOS (`cod_alumno`,`cod_curso`,`cod_asignatura`,`nota`) VALUES (89,6,28,2);
INSERT INTO NOTAS_ALUMNOS (`cod_alumno`,`cod_curso`,`cod_asignatura`,`nota`) VALUES (90,10,1,1);
INSERT INTO NOTAS_ALUMNOS (`cod_alumno`,`cod_curso`,`cod_asignatura`,`nota`) VALUES (90,10,9,4);
INSERT INTO NOTAS_ALUMNOS (`cod_alumno`,`cod_curso`,`cod_asignatura`,`nota`) VALUES (90,10,25,6);
INSERT INTO NOTAS_ALUMNOS (`cod_alumno`,`cod_curso`,`cod_asignatura`,`nota`) VALUES (90,10,27,9);
INSERT INTO NOTAS_ALUMNOS (`cod_alumno`,`cod_curso`,`cod_asignatura`,`nota`) VALUES (90,10,34,2);
INSERT INTO NOTAS_ALUMNOS (`cod_alumno`,`cod_curso`,`cod_asignatura`,`nota`) VALUES (90,10,41,6);
INSERT INTO NOTAS_ALUMNOS (`cod_alumno`,`cod_curso`,`cod_asignatura`,`nota`) VALUES (90,10,42,4);
INSERT INTO NOTAS_ALUMNOS (`cod_alumno`,`cod_curso`,`cod_asignatura`,`nota`) VALUES (90,10,46,6);
INSERT INTO NOTAS_ALUMNOS (`cod_alumno`,`cod_curso`,`cod_asignatura`,`nota`) VALUES (91,4,21,9);
INSERT INTO NOTAS_ALUMNOS (`cod_alumno`,`cod_curso`,`cod_asignatura`,`nota`) VALUES (91,4,40,7);
INSERT INTO NOTAS_ALUMNOS (`cod_alumno`,`cod_curso`,`cod_asignatura`,`nota`) VALUES (91,4,47,6);
INSERT INTO NOTAS_ALUMNOS (`cod_alumno`,`cod_curso`,`cod_asignatura`,`nota`) VALUES (91,4,48,4);
INSERT INTO NOTAS_ALUMNOS (`cod_alumno`,`cod_curso`,`cod_asignatura`,`nota`) VALUES (91,4,49,7);
INSERT INTO NOTAS_ALUMNOS (`cod_alumno`,`cod_curso`,`cod_asignatura`,`nota`) VALUES (92,3,10,8);
INSERT INTO NOTAS_ALUMNOS (`cod_alumno`,`cod_curso`,`cod_asignatura`,`nota`) VALUES (92,3,12,8);
INSERT INTO NOTAS_ALUMNOS (`cod_alumno`,`cod_curso`,`cod_asignatura`,`nota`) VALUES (92,3,13,1);
INSERT INTO NOTAS_ALUMNOS (`cod_alumno`,`cod_curso`,`cod_asignatura`,`nota`) VALUES (92,3,29,2);
INSERT INTO NOTAS_ALUMNOS (`cod_alumno`,`cod_curso`,`cod_asignatura`,`nota`) VALUES (92,3,33,5);
INSERT INTO NOTAS_ALUMNOS (`cod_alumno`,`cod_curso`,`cod_asignatura`,`nota`) VALUES (93,10,1,6);
INSERT INTO NOTAS_ALUMNOS (`cod_alumno`,`cod_curso`,`cod_asignatura`,`nota`) VALUES (93,10,9,6);
INSERT INTO NOTAS_ALUMNOS (`cod_alumno`,`cod_curso`,`cod_asignatura`,`nota`) VALUES (93,10,25,7);
INSERT INTO NOTAS_ALUMNOS (`cod_alumno`,`cod_curso`,`cod_asignatura`,`nota`) VALUES (93,10,27,8);
INSERT INTO NOTAS_ALUMNOS (`cod_alumno`,`cod_curso`,`cod_asignatura`,`nota`) VALUES (93,10,34,4);
INSERT INTO NOTAS_ALUMNOS (`cod_alumno`,`cod_curso`,`cod_asignatura`,`nota`) VALUES (93,10,41,3);
INSERT INTO NOTAS_ALUMNOS (`cod_alumno`,`cod_curso`,`cod_asignatura`,`nota`) VALUES (93,10,42,7);
INSERT INTO NOTAS_ALUMNOS (`cod_alumno`,`cod_curso`,`cod_asignatura`,`nota`) VALUES (93,10,46,2);
INSERT INTO NOTAS_ALUMNOS (`cod_alumno`,`cod_curso`,`cod_asignatura`,`nota`) VALUES (94,7,5,6);
INSERT INTO NOTAS_ALUMNOS (`cod_alumno`,`cod_curso`,`cod_asignatura`,`nota`) VALUES (94,7,18,1);
INSERT INTO NOTAS_ALUMNOS (`cod_alumno`,`cod_curso`,`cod_asignatura`,`nota`) VALUES (94,7,24,3);
INSERT INTO NOTAS_ALUMNOS (`cod_alumno`,`cod_curso`,`cod_asignatura`,`nota`) VALUES (94,7,32,7);
INSERT INTO NOTAS_ALUMNOS (`cod_alumno`,`cod_curso`,`cod_asignatura`,`nota`) VALUES (94,7,38,2);
INSERT INTO NOTAS_ALUMNOS (`cod_alumno`,`cod_curso`,`cod_asignatura`,`nota`) VALUES (94,7,43,4);
INSERT INTO NOTAS_ALUMNOS (`cod_alumno`,`cod_curso`,`cod_asignatura`,`nota`) VALUES (94,7,44,9);
INSERT INTO NOTAS_ALUMNOS (`cod_alumno`,`cod_curso`,`cod_asignatura`,`nota`) VALUES (94,7,50,9);
INSERT INTO NOTAS_ALUMNOS (`cod_alumno`,`cod_curso`,`cod_asignatura`,`nota`) VALUES (95,8,17,5);
INSERT INTO NOTAS_ALUMNOS (`cod_alumno`,`cod_curso`,`cod_asignatura`,`nota`) VALUES (95,8,37,5);
INSERT INTO NOTAS_ALUMNOS (`cod_alumno`,`cod_curso`,`cod_asignatura`,`nota`) VALUES (96,3,10,10);
INSERT INTO NOTAS_ALUMNOS (`cod_alumno`,`cod_curso`,`cod_asignatura`,`nota`) VALUES (96,3,12,2);
INSERT INTO NOTAS_ALUMNOS (`cod_alumno`,`cod_curso`,`cod_asignatura`,`nota`) VALUES (96,3,13,8);
INSERT INTO NOTAS_ALUMNOS (`cod_alumno`,`cod_curso`,`cod_asignatura`,`nota`) VALUES (96,3,29,10);
INSERT INTO NOTAS_ALUMNOS (`cod_alumno`,`cod_curso`,`cod_asignatura`,`nota`) VALUES (96,3,33,6);
INSERT INTO NOTAS_ALUMNOS (`cod_alumno`,`cod_curso`,`cod_asignatura`,`nota`) VALUES (97,7,5,6);
INSERT INTO NOTAS_ALUMNOS (`cod_alumno`,`cod_curso`,`cod_asignatura`,`nota`) VALUES (97,7,18,2);
INSERT INTO NOTAS_ALUMNOS (`cod_alumno`,`cod_curso`,`cod_asignatura`,`nota`) VALUES (97,7,24,9);
INSERT INTO NOTAS_ALUMNOS (`cod_alumno`,`cod_curso`,`cod_asignatura`,`nota`) VALUES (97,7,32,5);
INSERT INTO NOTAS_ALUMNOS (`cod_alumno`,`cod_curso`,`cod_asignatura`,`nota`) VALUES (97,7,38,8);
INSERT INTO NOTAS_ALUMNOS (`cod_alumno`,`cod_curso`,`cod_asignatura`,`nota`) VALUES (97,7,43,1);
INSERT INTO NOTAS_ALUMNOS (`cod_alumno`,`cod_curso`,`cod_asignatura`,`nota`) VALUES (97,7,44,8);
INSERT INTO NOTAS_ALUMNOS (`cod_alumno`,`cod_curso`,`cod_asignatura`,`nota`) VALUES (97,7,50,1);
INSERT INTO NOTAS_ALUMNOS (`cod_alumno`,`cod_curso`,`cod_asignatura`,`nota`) VALUES (98,8,17,3);
INSERT INTO NOTAS_ALUMNOS (`cod_alumno`,`cod_curso`,`cod_asignatura`,`nota`) VALUES (98,8,37,5);
INSERT INTO NOTAS_ALUMNOS (`cod_alumno`,`cod_curso`,`cod_asignatura`,`nota`) VALUES (99,9,2,4);
INSERT INTO NOTAS_ALUMNOS (`cod_alumno`,`cod_curso`,`cod_asignatura`,`nota`) VALUES (99,9,11,1);
INSERT INTO NOTAS_ALUMNOS (`cod_alumno`,`cod_curso`,`cod_asignatura`,`nota`) VALUES (99,9,15,5);
INSERT INTO NOTAS_ALUMNOS (`cod_alumno`,`cod_curso`,`cod_asignatura`,`nota`) VALUES (100,3,10,4);
INSERT INTO NOTAS_ALUMNOS (`cod_alumno`,`cod_curso`,`cod_asignatura`,`nota`) VALUES (100,3,12,4);
INSERT INTO NOTAS_ALUMNOS (`cod_alumno`,`cod_curso`,`cod_asignatura`,`nota`) VALUES (100,3,13,2);
INSERT INTO NOTAS_ALUMNOS (`cod_alumno`,`cod_curso`,`cod_asignatura`,`nota`) VALUES (100,3,29,5);
INSERT INTO NOTAS_ALUMNOS (`cod_alumno`,`cod_curso`,`cod_asignatura`,`nota`) VALUES (100,3,33,5);
